z,p,cutoff,cascades,verlauf
1.5968,0.1,0.001,3161,"[5, 10, 21, 46, 96, 202, 375, 739, 1270, 1912, 2449, 2807, 3006, 3101, 3134, 3148, 3153, 3158, 3161, 3161]"
1.6588,0.11,0.001,3236,"[5, 16, 35, 59, 109, 210, 375, 682, 1187, 1794, 2395, 2819, 3031, 3149, 3211, 3232, 3235, 3236, 3236]"
1.6724,0.12,0.001,3256,"[5, 15, 39, 75, 128, 207, 335, 590, 1014, 1582, 2222, 2713, 2997, 3140, 3208, 3234, 3248, 3256, 3256]"
1.6928,0.13,0.001,3381,"[5, 9, 16, 28, 48, 82, 166, 299, 563, 981, 1558, 2231, 2773, 3081, 3247, 3319, 3356, 3372, 3381, 3381]"
1.6528,0.13999999999999999,0.001,3281,"[5, 14, 30, 63, 117, 191, 332, 553, 929, 1448, 2055, 2546, 2884, 3093, 3184, 3241, 3262, 3275, 3280, 3281, 3281]"
1.6852,0.14999999999999997,0.001,3310,"[5, 16, 33, 64, 108, 171, 288, 450, 738, 1179, 1756, 2342, 2763, 3055, 3182, 3248, 3280, 3297, 3304, 3306, 3307, 3310, 3310]"
1.6116,0.15999999999999998,0.001,3210,"[5, 19, 46, 90, 149, 229, 355, 554, 886, 1356, 1928, 2448, 2835, 3032, 3132, 3177, 3195, 3205, 3207, 3208, 3209, 3210, 3210]"
1.652,0.16999999999999998,0.001,3277,"[5, 12, 16, 21, 28, 41, 55, 76, 103, 144, 203, 292, 415, 605, 889, 1300, 1753, 2271, 2676, 2965, 3124, 3214, 3256, 3268, 3271, 3272, 3274, 3276, 3277, 3277]"
1.6908,0.17999999999999997,0.001,3280,"[5, 12, 22, 42, 82, 140, 226, 350, 507, 737, 1038, 1485, 2048, 2586, 2914, 3107, 3206, 3247, 3265, 3273, 3275, 3278, 3279, 3280, 3280]"
1.6748,0.18999999999999995,0.001,3219,"[5, 10, 18, 32, 54, 90, 141, 199, 275, 412, 627, 965, 1384, 1910, 2453, 2844, 3057, 3147, 3196, 3211, 3216, 3218, 3219, 3219]"
1.7376,0.19999999999999996,0.001,3365,"[5, 9, 17, 31, 57, 87, 126, 180, 253, 352, 491, 733, 1138, 1680, 2238, 2684, 2988, 3172, 3278, 3324, 3342, 3353, 3357, 3362, 3364, 3365, 3365]"
1.624,0.20999999999999996,0.001,3162,"[5, 7, 10, 14, 18, 22, 28, 37, 48, 63, 74, 83, 100, 120, 140, 161, 195, 243, 307, 379, 477, 614, 789, 1002, 1274, 1594, 1953, 2309, 2616, 2828, 2967, 3057, 3105, 3137, 3145, 3153, 3157, 3160, 3161, 3162, 3162]"
1.6656,0.21999999999999995,0.001,3226,"[5, 15, 24, 35, 45, 54, 66, 81, 97, 111, 124, 139, 161, 186, 215, 248, 278, 321, 366, 414, 473, 557, 658, 788, 974, 1233, 1569, 1973, 2434, 2793, 3005, 3112, 3169, 3198, 3213, 3222, 3225, 3226, 3226]"
1.6552,0.22999999999999995,0.001,17,"[5, 9, 11, 12, 13, 15, 16, 17, 17]"
1.6252,0.23999999999999994,0.001,3173,"[5, 10, 15, 21, 25, 31, 39, 46, 53, 63, 78, 88, 101, 116, 133, 157, 192, 241, 305, 371, 450, 552, 672, 825, 1001, 1209, 1479, 1785, 2173, 2535, 2813, 2984, 3073, 3123, 3147, 3163, 3171, 3173, 3173]"
1.7028,0.24999999999999992,0.001,3291,"[5, 12, 16, 22, 25, 27, 28, 30, 33, 36, 39, 44, 48, 51, 56, 63, 72, 81, 94, 112, 140, 170, 207, 246, 294, 351, 422, 495, 573, 696, 876, 1104, 1387, 1764, 2192, 2569, 2830, 3019, 3149, 3216, 3249, 3266, 3275, 3285, 3289, 3291, 3291]"
2.1752,0.1,0.002,3932,"[5, 13, 26, 54, 122, 266, 619, 1450, 2532, 3362, 3749, 3882, 3917, 3928, 3930, 3932, 3932]"
2.2908,0.11,0.002,3941,"[5, 14, 39, 91, 235, 588, 1400, 2640, 3457, 3792, 3902, 3932, 3940, 3941, 3941]"
2.1492,0.12,0.002,3813,"[5, 16, 41, 97, 250, 534, 1086, 2038, 2981, 3520, 3721, 3791, 3807, 3812, 3813, 3813]"
2.2228,0.13,0.002,3908,"[5, 21, 49, 102, 235, 542, 1150, 2224, 3214, 3688, 3840, 3893, 3903, 3906, 3908, 3908]"
2.172,0.13999999999999999,0.002,3894,"[5, 10, 18, 32, 63, 117, 242, 514, 1060, 2003, 3013, 3610, 3800, 3862, 3885, 3892, 3894, 3894]"
2.1504,0.14999999999999997,0.002,3823,"[5, 10, 21, 39, 72, 133, 261, 502, 987, 1845, 2794, 3424, 3682, 3774, 3806, 3819, 3823, 3823]"
2.268,0.15999999999999998,0.002,4004,"[5, 13, 23, 41, 62, 95, 155, 282, 572, 1205, 2320, 3235, 3763, 3931, 3979, 3997, 4003, 4004, 4004]"
2.1752,0.16999999999999998,0.002,3932,"[5, 13, 24, 37, 55, 82, 116, 164, 247, 393, 655, 1162, 2006, 2954, 3550, 3801, 3888, 3917, 3930, 3932, 3932]"
2.2908,0.17999999999999997,0.002,3941,"[5, 12, 23, 35, 53, 79, 123, 183, 303, 513, 872, 1560, 2670, 3499, 3808, 3908, 3932, 3937, 3940, 3941, 3941]"
2.1492,0.18999999999999995,0.002,3813,"[5, 15, 31, 56, 95, 158, 231, 336, 518, 855, 1499, 2415, 3234, 3611, 3756, 3795, 3806, 3813, 3813]"
2.2228,0.19999999999999996,0.002,3908,"[5, 19, 34, 55, 85, 126, 203, 339, 545, 908, 1601, 2608, 3356, 3710, 3844, 3889, 3903, 3908, 3908]"
2.172,0.20999999999999996,0.002,28,"[5, 9, 12, 15, 17, 22, 25, 28, 28]"
2.1504,0.21999999999999995,0.002,135,"[5, 9, 15, 22, 32, 41, 48, 57, 69, 80, 85, 94, 105, 110, 117, 123, 129, 131, 133, 134, 135, 135]"
2.268,0.22999999999999995,0.002,4004,"[5, 12, 16, 23, 27, 29, 32, 35, 43, 54, 63, 69, 74, 81, 89, 97, 102, 109, 114, 124, 140, 155, 172, 194, 221, 254, 296, 355, 428, 527, 663, 891, 1269, 1960, 2846, 3507, 3837, 3957, 3994, 4003, 4004, 4004]"
2.1752,0.23999999999999994,0.002,3926,"[5, 12, 21, 31, 43, 59, 70, 80, 90, 107, 124, 139, 153, 170, 192, 210, 241, 275, 321, 369, 423, 508, 615, 768, 1025, 1433, 2076, 2890, 3490, 3761, 3862, 3904, 3920, 3924, 3925, 3926, 3926]"
2.2908,0.24999999999999992,0.002,3941,"[5, 11, 19, 23, 30, 40, 48, 56, 66, 73, 82, 89, 98, 106, 115, 132, 145, 158, 169, 177, 188, 202, 222, 237, 258, 277, 291, 301, 315, 337, 367, 409, 450, 506, 578, 678, 813, 1015, 1421, 2139, 3012, 3587, 3820, 3902, 3929, 3936, 3939, 3941, 3941]"
2.5448,0.1,0.003,4079,"[5, 18, 48, 117, 319, 790, 1848, 3165, 3830, 4025, 4063, 4076, 4079, 4079]"
2.6728,0.11,0.003,4199,"[5, 26, 61, 151, 427, 1169, 2630, 3698, 4057, 4168, 4195, 4199, 4199]"
2.5964,0.12,0.003,4156,"[5, 10, 18, 34, 76, 165, 395, 1017, 2269, 3494, 3998, 4129, 4152, 4153, 4155, 4156, 4156]"
2.5388,0.13,0.003,4110,"[5, 12, 26, 56, 103, 220, 498, 1195, 2517, 3549, 3961, 4066, 4098, 4110, 4110]"
2.7236,0.13999999999999999,0.003,4249,"[5, 15, 31, 65, 121, 248, 542, 1308, 2757, 3803, 4151, 4226, 4245, 4248, 4249, 4249]"
2.5716,0.14999999999999997,0.003,4159,"[5, 13, 24, 44, 78, 136, 248, 502, 982, 2170, 3408, 3991, 4117, 4143, 4151, 4157, 4159, 4159]"
2.7196,0.15999999999999998,0.003,4175,"[5, 13, 32, 68, 142, 278, 588, 1390, 2839, 3798, 4085, 4157, 4172, 4175, 4175]"
2.5448,0.16999999999999998,0.003,4079,"[5, 16, 30, 49, 75, 115, 167, 234, 358, 653, 1349, 2507, 3529, 3946, 4043, 4067, 4077, 4079, 4079]"
2.6728,0.17999999999999997,0.003,4199,"[5, 24, 42, 67, 103, 161, 273, 473, 853, 1685, 3020, 3850, 4115, 4176, 4195, 4199, 4199]"
2.5964,0.18999999999999995,0.003,4156,"[5, 10, 17, 23, 32, 46, 64, 91, 126, 185, 279, 442, 711, 1347, 2634, 3696, 4049, 4140, 4153, 4155, 4156, 4156]"
2.5388,0.19999999999999996,0.003,4110,"[5, 10, 15, 21, 30, 49, 76, 112, 156, 223, 335, 559, 1021, 1952, 3094, 3810, 4023, 4085, 4105, 4108, 4110, 4110]"
2.7236,0.20999999999999996,0.003,50,"[5, 13, 17, 22, 26, 30, 39, 44, 46, 49, 50, 50]"
2.5716,0.21999999999999995,0.003,4153,"[5, 11, 17, 21, 25, 28, 33, 39, 43, 53, 64, 69, 76, 82, 86, 91, 96, 100, 106, 112, 122, 139, 156, 174, 196, 224, 255, 286, 316, 345, 380, 413, 446, 478, 525, 600, 759, 1083, 1829, 2979, 3792, 4061, 4127, 4145, 4152, 4153, 4153]"
2.7196,0.22999999999999995,0.003,21,"[5, 10, 16, 18, 20, 21, 21]"
2.5448,0.23999999999999994,0.003,55,"[5, 14, 20, 26, 31, 37, 45, 48, 51, 53, 55, 55]"
2.6728,0.24999999999999992,0.003,133,"[5, 22, 32, 43, 54, 62, 75, 83, 88, 93, 96, 99, 102, 108, 111, 115, 118, 121, 127, 131, 132, 133, 133]"
2.9688,0.1,0.004,4297,"[5, 10, 19, 38, 95, 226, 627, 1965, 3490, 4125, 4276, 4296, 4297, 4297]"
2.8552,0.11,0.004,4245,"[5, 13, 33, 83, 218, 612, 1753, 3277, 3995, 4178, 4227, 4242, 4244, 4245, 4245]"
3.1152,0.12,0.004,4384,"[5, 16, 39, 91, 214, 610, 1805, 3472, 4194, 4357, 4378, 4382, 4384, 4384]"
2.9416,0.13,0.004,4337,"[5, 14, 31, 56, 110, 228, 497, 1366, 2938, 4000, 4278, 4325, 4334, 4336, 4337, 4337]"
3.102,0.13999999999999999,0.004,4330,"[5, 14, 39, 83, 181, 438, 1271, 3021, 4044, 4274, 4321, 4328, 4329, 4330, 4330]"
2.8668,0.14999999999999997,0.004,4226,"[5, 20, 45, 97, 199, 418, 937, 2156, 3576, 4083, 4199, 4219, 4225, 4226, 4226]"
3.03,0.15999999999999998,0.004,4330,"[5, 27, 50, 94, 173, 332, 771, 1921, 3522, 4157, 4304, 4327, 4329, 4330, 4330]"
2.9688,0.16999999999999998,0.004,4297,"[5, 9, 12, 16, 20, 28, 36, 46, 52, 67, 80, 93, 104, 122, 157, 217, 336, 545, 1062, 2404, 3729, 4168, 4278, 4297, 4297]"
2.8552,0.17999999999999997,0.004,4245,"[5, 10, 15, 21, 29, 43, 65, 98, 148, 238, 405, 768, 1610, 3049, 3911, 4159, 4221, 4239, 4245, 4245]"
3.1152,0.18999999999999995,0.004,4384,"[5, 13, 19, 31, 45, 61, 87, 127, 183, 265, 382, 569, 1013, 2121, 3652, 4260, 4366, 4381, 4383, 4384, 4384]"
2.9416,0.19999999999999996,0.004,4330,"[5, 12, 22, 32, 44, 60, 86, 129, 177, 234, 326, 502, 872, 1801, 3313, 4104, 4291, 4319, 4325, 4327, 4329, 4330, 4330]"
3.102,0.20999999999999996,0.004,74,"[5, 10, 16, 18, 21, 22, 25, 27, 30, 35, 41, 44, 48, 53, 58, 62, 65, 68, 71, 73, 74, 74]"
2.8668,0.21999999999999995,0.004,29,"[5, 16, 23, 28, 29, 29]"
3.03,0.22999999999999995,0.004,214,"[5, 24, 34, 45, 53, 57, 61, 67, 75, 82, 86, 89, 91, 93, 97, 100, 110, 123, 142, 164, 178, 189, 196, 204, 209, 213, 214, 214]"
2.9688,0.23999999999999994,0.004,12,"[5, 9, 11, 12, 12]"
2.8552,0.24999999999999992,0.004,57,"[5, 10, 14, 17, 20, 23, 25, 26, 27, 28, 31, 38, 45, 52, 54, 55, 56, 57, 57]"
3.4408,0.1,0.005,4470,"[5, 17, 44, 118, 343, 1187, 3100, 4185, 4427, 4463, 4469, 4470, 4470]"
3.252,0.11,0.005,4424,"[5, 15, 38, 108, 265, 753, 2322, 3844, 4332, 4411, 4422, 4424, 4424]"
3.4396,0.12,0.005,4437,"[5, 15, 42, 93, 232, 680, 2209, 3896, 4351, 4426, 4436, 4437, 4437]"
3.1636,0.13,0.005,4345,"[5, 25, 65, 154, 329, 873, 2362, 3813, 4249, 4329, 4344, 4345, 4345]"
3.3584,0.13999999999999999,0.005,4419,"[5, 31, 72, 167, 360, 978, 2673, 4025, 4357, 4407, 4418, 4419, 4419]"
3.2912,0.14999999999999997,0.005,4423,"[5, 9, 12, 17, 25, 39, 62, 106, 173, 311, 633, 1599, 3378, 4233, 4397, 4422, 4423, 4423]"
3.1164,0.15999999999999998,0.005,4356,"[5, 11, 20, 38, 66, 120, 224, 464, 1151, 2756, 3920, 4258, 4338, 4353, 4355, 4356, 4356]"
3.4408,0.16999999999999998,0.005,4470,"[5, 14, 21, 32, 43, 55, 73, 103, 140, 181, 243, 352, 554, 1069, 2487, 4001, 4407, 4462, 4469, 4470, 4470]"
3.252,0.17999999999999997,0.005,4424,"[5, 11, 16, 23, 32, 45, 66, 93, 121, 156, 208, 298, 437, 690, 1423, 3129, 4152, 4388, 4420, 4423, 4424, 4424]"
3.4396,0.18999999999999995,0.005,4437,"[5, 11, 19, 26, 34, 41, 50, 59, 78, 99, 126, 162, 222, 317, 473, 803, 1771, 3544, 4293, 4413, 4433, 4436, 4437, 4437]"
3.1636,0.19999999999999996,0.005,4345,"[5, 23, 47, 83, 125, 182, 265, 381, 609, 1158, 2454, 3858, 4271, 4334, 4345, 4345]"
3.3584,0.20999999999999996,0.005,62,"[5, 24, 35, 45, 49, 50, 52, 55, 60, 62, 62]"
3.2912,0.21999999999999995,0.005,12,"[5, 9, 11, 12, 12]"
3.1164,0.22999999999999995,0.005,23,"[5, 10, 14, 17, 20, 22, 23, 23]"
3.4408,0.23999999999999994,0.005,32,"[5, 14, 19, 23, 25, 27, 28, 30, 32, 32]"
3.252,0.24999999999999992,0.005,16,"[5, 10, 13, 14, 16, 16]"
3.72,0.1,0.006,4501,"[5, 17, 69, 202, 665, 2350, 4045, 4444, 4492, 4498, 4500, 4501, 4501]"
3.4148,0.11,0.006,4417,"[5, 30, 83, 213, 609, 2037, 3747, 4312, 4404, 4416, 4417, 4417]"
3.6516,0.12,0.006,4475,"[5, 35, 92, 263, 823, 2621, 4102, 4426, 4467, 4475, 4475]"
3.5832,0.13,0.006,4485,"[5, 9, 12, 18, 26, 39, 61, 105, 194, 410, 1085, 3040, 4193, 4443, 4481, 4485, 4485]"
3.3788,0.13999999999999999,0.006,4439,"[5, 13, 33, 75, 159, 355, 1027, 2824, 4089, 4378, 4427, 4436, 4438, 4439, 4439]"
3.704,0.14999999999999997,0.006,4526,"[5, 15, 29, 58, 103, 199, 416, 1065, 2941, 4221, 4495, 4521, 4525, 4526, 4526]"
3.526,0.15999999999999998,0.006,4482,"[5, 13, 23, 37, 62, 106, 189, 365, 772, 2067, 3834, 4389, 4470, 4481, 4482, 4482]"
3.72,0.16999999999999998,0.006,4501,"[5, 11, 19, 23, 28, 33, 40, 47, 54, 57, 62, 70, 77, 92, 113, 138, 175, 225, 310, 505, 1061, 2785, 4183, 4463, 4496, 4500, 4501, 4501]"
3.4148,0.17999999999999997,0.006,4417,"[5, 27, 55, 94, 142, 210, 310, 472, 847, 1878, 3656, 4297, 4404, 4416, 4417, 4417]"
3.6516,0.18999999999999995,0.006,4475,"[5, 27, 40, 56, 70, 90, 112, 152, 202, 288, 437, 694, 1395, 3317, 4271, 4448, 4472, 4475, 4475]"
3.5832,0.19999999999999996,0.006,4485,"[5, 9, 12, 17, 20, 25, 32, 43, 60, 81, 102, 136, 169, 231, 345, 538, 924, 2065, 3801, 4384, 4478, 4485, 4485]"
3.3788,0.20999999999999996,0.006,61,"[5, 10, 14, 17, 21, 25, 28, 30, 32, 36, 39, 42, 44, 46, 50, 56, 59, 61, 61]"
3.704,0.21999999999999995,0.006,26,"[5, 13, 17, 20, 21, 23, 24, 25, 26, 26]"
3.526,0.22999999999999995,0.006,16,"[5, 10, 13, 14, 16, 16]"
3.72,0.23999999999999994,0.006,15,"[5, 9, 13, 14, 15, 15]"
3.4148,0.24999999999999992,0.006,92,"[5, 23, 37, 47, 53, 60, 69, 77, 83, 88, 90, 92, 92]"
3.9024,0.1,0.007,4521,"[5, 37, 110, 408, 1687, 3777, 4424, 4510, 4519, 4521, 4521]"
3.842,0.11,0.007,4533,"[5, 10, 21, 37, 65, 135, 343, 1067, 3135, 4300, 4510, 4532, 4533, 4533]"
3.6252,0.12,0.007,4497,"[5, 14, 39, 98, 254, 774, 2511, 4028, 4430, 4489, 4494, 4496, 4497, 4497]"
3.9836,0.13,0.007,4571,"[5, 16, 35, 75, 175, 431, 1282, 3416, 4408, 4551, 4569, 4571, 4571]"
3.7744,0.13999999999999999,0.007,4527,"[5, 13, 23, 38, 74, 176, 416, 1222, 3247, 4332, 4506, 4524, 4527, 4527]"
3.9808,0.14999999999999997,0.007,4562,"[5, 12, 26, 40, 66, 120, 235, 468, 1303, 3474, 4415, 4540, 4555, 4559, 4561, 4562, 4562]"
3.67,0.15999999999999998,0.007,4485,"[5, 28, 60, 115, 197, 343, 639, 1569, 3578, 4352, 4466, 4483, 4485, 4485]"
3.9024,0.16999999999999998,0.007,4521,"[5, 28, 45, 67, 90, 113, 137, 172, 206, 268, 390, 698, 1738, 3755, 4407, 4507, 4518, 4521, 4521]"
3.842,0.17999999999999997,0.007,13,"[5, 9, 11, 13, 13]"
3.6252,0.18999999999999995,0.007,4497,"[5, 10, 15, 19, 23, 27, 30, 32, 36, 44, 53, 64, 79, 102, 134, 184, 256, 341, 453, 675, 1415, 3241, 4235, 4460, 4493, 4497, 4497]"
3.9836,0.19999999999999996,0.007,4571,"[5, 15, 23, 30, 37, 42, 48, 57, 69, 80, 93, 116, 139, 172, 219, 295, 428, 707, 1569, 3573, 4430, 4552, 4569, 4571, 4571]"
3.7744,0.20999999999999996,0.007,16,"[5, 10, 13, 14, 16, 16]"
3.9808,0.21999999999999995,0.007,15,"[5, 9, 13, 14, 15, 15]"
3.67,0.22999999999999995,0.007,76,"[5, 23, 33, 39, 45, 53, 60, 66, 70, 74, 76, 76]"
3.9024,0.23999999999999994,0.007,42,"[5, 23, 33, 38, 42, 42]"
3.842,0.24999999999999992,0.007,10,"[5, 9, 10, 10]"
3.8692,0.1,0.008,4539,"[5, 15, 44, 116, 381, 1507, 3616, 4396, 4521, 4537, 4538, 4539, 4539]"
4.2344,0.11,0.008,4599,"[5, 17, 43, 122, 354, 1282, 3640, 4480, 4586, 4595, 4599, 4599]"
3.9944,0.12,0.008,4574,"[5, 14, 30, 63, 152, 395, 1321, 3575, 4438, 4560, 4572, 4574, 4574]"
4.2368,0.13,0.008,4612,"[5, 15, 43, 92, 200, 531, 1769, 4008, 4542, 4604, 4612, 4612]"
3.9064,0.13999999999999999,0.008,4527,"[5, 36, 95, 252, 623, 1864, 3859, 4437, 4514, 4526, 4527, 4527]"
4.158,0.14999999999999997,0.008,4560,"[5, 33, 62, 116, 221, 454, 1209, 3401, 4405, 4549, 4559, 4560, 4560]"
4.0884,0.15999999999999998,0.008,4584,"[5, 9, 12, 17, 21, 30, 45, 68, 115, 186, 302, 589, 1523, 3689, 4458, 4574, 4584, 4584]"
3.8692,0.16999999999999998,0.008,4539,"[5, 11, 18, 24, 33, 43, 51, 62, 75, 98, 130, 170, 219, 282, 393, 622, 1437, 3386, 4351, 4514, 4535, 4538, 4539, 4539]"
4.2344,0.17999999999999997,0.008,4599,"[5, 14, 21, 27, 34, 39, 44, 51, 59, 66, 75, 90, 99, 108, 124, 143, 167, 193, 228, 307, 466, 890, 2463, 4230, 4563, 4596, 4599, 4599]"
3.9944,0.18999999999999995,0.008,16,"[5, 10, 13, 14, 16, 16]"
4.2368,0.19999999999999996,0.008,4612,"[5, 10, 17, 21, 25, 32, 42, 51, 63, 73, 86, 97, 113, 125, 141, 151, 166, 186, 200, 209, 217, 227, 245, 266, 296, 341, 399, 481, 689, 1406, 3436, 4460, 4597, 4612, 4612]"
3.9064,0.20999999999999996,0.008,52,"[5, 24, 34, 40, 45, 49, 51, 52, 52]"
4.158,0.21999999999999995,0.008,47,"[5, 23, 33, 38, 43, 45, 46, 47, 47]"
4.0884,0.22999999999999995,0.008,10,"[5, 9, 10, 10]"
3.8692,0.23999999999999994,0.008,27,"[5, 10, 14, 17, 21, 25, 27, 27]"
4.2344,0.24999999999999992,0.008,18,"[5, 12, 16, 18, 18]"
4.23,0.1,0.009000000000000001,4613,"[5, 14, 34, 83, 240, 815, 2978, 4376, 4593, 4609, 4613, 4613]"
4.488,0.11,0.009000000000000001,4646,"[5, 17, 63, 189, 674, 2732, 4328, 4620, 4644, 4646, 4646]"
4.1076,0.12,0.009000000000000001,4555,"[5, 43, 124, 360, 1208, 3447, 4396, 4544, 4554, 4555, 4555]"
4.3904,0.13,0.009000000000000001,4596,"[5, 38, 92, 248, 727, 2541, 4274, 4568, 4593, 4596, 4596]"
4.3244,0.13999999999999999,0.009000000000000001,4611,"[5, 9, 12, 18, 25, 44, 85, 154, 294, 722, 2485, 4246, 4567, 4604, 4611, 4611]"
4.0724,0.14999999999999997,0.009000000000000001,4578,"[5, 13, 28, 50, 89, 156, 296, 654, 1951, 3974, 4494, 4563, 4577, 4578, 4578]"
4.4736,0.15999999999999998,0.009000000000000001,4629,"[5, 15, 27, 43, 65, 93, 129, 193, 307, 548, 1463, 3752, 4529, 4622, 4629, 4629]"
4.23,0.16999999999999998,0.009000000000000001,17,"[5, 10, 13, 14, 16, 17, 17]"
4.488,0.17999999999999997,0.009000000000000001,12,"[5, 9, 12, 12]"
4.1076,0.18999999999999995,0.009000000000000001,4555,"[5, 32, 58, 82, 104, 131, 164, 215, 275, 351, 476, 743, 1618, 3684, 4427, 4543, 4554, 4555, 4555]"
4.3904,0.19999999999999996,0.009000000000000001,4596,"[5, 27, 41, 51, 65, 75, 82, 94, 103, 113, 126, 133, 148, 181, 237, 324, 467, 793, 1847, 3980, 4528, 4592, 4596, 4596]"
4.3244,0.20999999999999996,0.009000000000000001,10,"[5, 9, 10, 10]"
4.0724,0.21999999999999995,0.009000000000000001,27,"[5, 10, 14, 17, 21, 25, 27, 27]"
4.4736,0.22999999999999995,0.009000000000000001,18,"[5, 12, 16, 18, 18]"
4.23,0.23999999999999994,0.009000000000000001,14,"[5, 9, 10, 11, 13, 14, 14]"
4.488,0.24999999999999992,0.009000000000000001,9,"[5, 8, 9, 9]"
4.294,0.1,0.01,4584,"[5, 44, 136, 458, 1720, 3984, 4522, 4577, 4584, 4584]"
4.6364,0.11,0.01,4626,"[5, 41, 116, 414, 1731, 4074, 4569, 4623, 4626, 4626]"
4.5596,0.12,0.01,4645,"[5, 9, 11, 13, 14, 18, 28, 48, 104, 278, 903, 3344, 4473, 4635, 4645, 4645]"
4.2756,0.13,0.01,4602,"[5, 13, 30, 58, 118, 228, 601, 2090, 4082, 4553, 4596, 4601, 4602, 4602]"
4.7072,0.13999999999999999,0.01,4659,"[5, 15, 28, 49, 83, 141, 279, 782, 2817, 4407, 4637, 4655, 4659, 4659]"
4.4188,0.14999999999999997,0.01,4631,"[5, 14, 25, 44, 77, 129, 194, 345, 792, 2546, 4298, 4598, 4629, 4631, 4631]"
4.7088,0.15999999999999998,0.01,4673,"[5, 11, 22, 36, 58, 86, 122, 166, 270, 515, 1452, 3837, 4597, 4668, 4673, 4673]"
4.294,0.16999999999999998,0.01,4584,"[5, 32, 56, 75, 92, 115, 138, 166, 210, 267, 346, 514, 939, 2597, 4254, 4547, 4582, 4584, 4584]"
4.6364,0.17999999999999997,0.01,4626,"[5, 28, 44, 59, 76, 89, 102, 113, 122, 131, 139, 143, 146, 151, 164, 179, 194, 216, 249, 290, 361, 476, 750, 1760, 3993, 4556, 4620, 4626, 4626]"
4.5596,0.18999999999999995,0.01,13,"[5, 9, 11, 13, 13]"
4.2756,0.19999999999999996,0.01,4602,"[5, 11, 19, 27, 40, 53, 60, 68, 72, 77, 87, 97, 106, 118, 137, 151, 172, 200, 229, 282, 358, 486, 737, 1562, 3718, 4480, 4585, 4601, 4602, 4602]"
4.7072,0.20999999999999996,0.01,18,"[5, 12, 16, 18, 18]"
4.4188,0.21999999999999995,0.01,15,"[5, 10, 11, 12, 14, 15, 15]"
4.7088,0.22999999999999995,0.01,9,"[5, 8, 9, 9]"
4.294,0.23999999999999994,0.01,54,"[5, 27, 40, 47, 51, 53, 54, 54]"
4.6364,0.24999999999999992,0.01,46,"[5, 22, 33, 38, 43, 45, 46, 46]"
4.9752,0.1,0.012,4680,"[5, 9, 12, 20, 33, 70, 165, 472, 2296, 4342, 4658, 4680, 4680]"
4.6336,0.11,0.012,4637,"[5, 15, 50, 123, 336, 1262, 3805, 4556, 4630, 4637, 4637]"
5.124,0.12,0.012,4695,"[5, 17, 39, 91, 241, 703, 2863, 4492, 4688, 4694, 4695, 4695]"
4.8024,0.13,0.012,4674,"[5, 15, 30, 59, 123, 254, 631, 2288, 4315, 4641, 4669, 4673, 4674, 4674]"
5.1376,0.13999999999999999,0.012,4712,"[5, 13, 36, 71, 144, 310, 952, 3439, 4570, 4697, 4712, 4712]"
4.6608,0.14999999999999997,0.012,4634,"[5, 41, 87, 169, 303, 661, 2135, 4171, 4587, 4631, 4634, 4634]"
5.07,0.15999999999999998,0.012,4669,"[5, 32, 57, 94, 150, 251, 423, 1057, 3495, 4557, 4660, 4669, 4669]"
4.9752,0.16999999999999998,0.012,10,"[5, 9, 10, 10]"
4.6336,0.17999999999999997,0.012,4637,"[5, 11, 17, 22, 33, 44, 50, 59, 64, 70, 82, 93, 102, 109, 118, 129, 140, 151, 161, 178, 196, 210, 223, 242, 259, 278, 314, 378, 480, 745, 1888, 4074, 4583, 4633, 4637, 4637]"
5.124,0.18999999999999995,0.012,4695,"[5, 13, 18, 21, 22, 24, 27, 31, 34, 38, 44, 48, 54, 60, 66, 71, 79, 87, 95, 101, 110, 120, 126, 130, 135, 137, 138, 140, 143, 149, 155, 169, 185, 203, 217, 250, 286, 331, 379, 484, 629, 935, 2212, 4362, 4681, 4694, 4695, 4695]"
4.8024,0.19999999999999996,0.012,226,"[5, 13, 21, 28, 37, 46, 56, 69, 80, 88, 96, 106, 116, 129, 141, 158, 175, 191, 201, 208, 213, 216, 218, 220, 221, 222, 223, 224, 225, 226, 226]"
5.1376,0.20999999999999996,0.012,9,"[5, 8, 9, 9]"
4.6608,0.21999999999999995,0.012,63,"[5, 28, 41, 50, 57, 61, 63, 63]"
5.07,0.22999999999999995,0.012,34,"[5, 19, 29, 33, 34, 34]"
4.9752,0.23999999999999994,0.012,9,"[5, 9, 9]"
4.6336,0.24999999999999992,0.012,19,"[5, 10, 14, 16, 18, 19, 19]"
5.5104,0.1,0.014,4726,"[5, 18, 46, 122, 422, 1933, 4334, 4709, 4726, 4726]"
5.1612,0.11,0.014,4704,"[5, 17, 42, 112, 360, 1364, 3978, 4642, 4700, 4704, 4704]"
5.526,0.12,0.014,4745,"[5, 14, 41, 87, 206, 665, 2859, 4549, 4734, 4744, 4745, 4745]"
5.006,0.13,0.014,4658,"[5, 49, 123, 290, 784, 3004, 4429, 4639, 4657, 4658, 4658]"
5.4708,0.13999999999999999,0.014,4697,"[5, 41, 88, 169, 357, 1140, 3883, 4609, 4690, 4696, 4697, 4697]"
5.36,0.14999999999999997,0.014,4715,"[5, 10, 14, 17, 20, 22, 25, 29, 37, 50, 69, 91, 123, 167, 242, 386, 853, 2907, 4503, 4698, 4714, 4715, 4715]"
4.9732,0.15999999999999998,0.014,4671,"[5, 11, 19, 28, 47, 69, 96, 127, 183, 252, 422, 973, 3160, 4484, 4656, 4670, 4671, 4671]"
5.5104,0.16999999999999998,0.014,65,"[5, 13, 18, 21, 22, 24, 27, 31, 34, 37, 42, 46, 48, 52, 54, 57, 59, 61, 63, 64, 65, 65]"
5.1612,0.17999999999999997,0.014,46,"[5, 13, 18, 22, 27, 32, 37, 40, 44, 46, 46]"
5.526,0.18999999999999995,0.014,9,"[5, 8, 9, 9]"
5.006,0.19999999999999996,0.014,4658,"[5, 35, 62, 93, 117, 150, 171, 186, 200, 212, 231, 260, 299, 359, 432, 558, 768, 1573, 3948, 4591, 4656, 4658, 4658]"
5.4708,0.20999999999999996,0.014,24,"[5, 16, 22, 24, 24]"
5.36,0.21999999999999995,0.014,9,"[5, 9, 9]"
4.9732,0.22999999999999995,0.014,19,"[5, 10, 14, 16, 18, 19, 19]"
5.5104,0.23999999999999994,0.014,12,"[5, 9, 11, 12, 12]"
5.1612,0.24999999999999992,0.014,16,"[5, 11, 12, 13, 15, 16, 16]"
5.8852,0.1,0.016,4765,"[5, 14, 47, 129, 478, 2383, 4517, 4753, 4765, 4765]"
5.324,0.11,0.016,4682,"[5, 54, 158, 521, 2148, 4312, 4649, 4679, 4682, 4682]"
5.8212,0.12,0.016,4720,"[5, 42, 101, 243, 824, 3549, 4606, 4712, 4720, 4720]"
5.742,0.13,0.016,4746,"[5, 10, 15, 22, 33, 49, 76, 117, 164, 233, 379, 1147, 4010, 4693, 4746, 4746]"
5.2876,0.13999999999999999,0.016,4697,"[5, 13, 30, 49, 92, 161, 269, 534, 1757, 4200, 4648, 4692, 4696, 4697, 4697]"
5.868,0.14999999999999997,0.016,4756,"[5, 13, 20, 27, 35, 43, 49, 58, 68, 77, 93, 114, 139, 175, 218, 312, 555, 1733, 4298, 4727, 4754, 4756, 4756]"
5.4936,0.15999999999999998,0.016,4726,"[5, 14, 21, 31, 48, 71, 92, 112, 131, 150, 188, 252, 352, 601, 1837, 4304, 4692, 4722, 4725, 4726, 4726]"
5.8852,0.16999999999999998,0.016,9,"[5, 8, 9, 9]"
5.324,0.17999999999999997,0.016,4682,"[5, 35, 61, 89, 110, 132, 146, 155, 165, 174, 186, 205, 226, 249, 275, 309, 357, 430, 578, 970, 2877, 4461, 4668, 4680, 4682, 4682]"
5.8212,0.18999999999999995,0.016,41,"[5, 22, 31, 36, 38, 39, 40, 41, 41]"
5.742,0.19999999999999996,0.016,22,"[5, 10, 13, 14, 16, 17, 19, 21, 22, 22]"
5.2876,0.20999999999999996,0.016,17,"[5, 10, 13, 15, 17, 17]"
5.868,0.21999999999999995,0.016,12,"[5, 9, 11, 12, 12]"
5.4936,0.22999999999999995,0.016,10,"[5, 10, 10]"
5.8852,0.23999999999999994,0.016,9,"[5, 8, 9, 9]"
5.324,0.24999999999999992,0.016,39,"[5, 25, 32, 35, 37, 38, 39, 39]"
6.1704,0.1,0.018000000000000002,4741,"[5, 46, 134, 508, 2769, 4568, 4726, 4739, 4741, 4741]"
6.0764,0.11,0.018000000000000002,4773,"[5, 10, 15, 23, 37, 68, 158, 485, 2229, 4523, 4765, 4773, 4773]"
5.5808,0.12,0.018000000000000002,4720,"[5, 14, 33, 60, 121, 241, 660, 2992, 4546, 4709, 4719, 4720, 4720]"
6.1972,0.13,0.018000000000000002,4780,"[5, 15, 27, 45, 72, 113, 186, 338, 957, 3861, 4720, 4777, 4780, 4780]"
5.7932,0.13999999999999999,0.018000000000000002,4743,"[5, 15, 25, 40, 65, 104, 176, 352, 1129, 3919, 4681, 4740, 4742, 4743, 4743]"
6.2452,0.14999999999999997,0.018000000000000002,15,"[5, 9, 11, 12, 14, 15, 15]"
5.5844,0.15999999999999998,0.018000000000000002,4697,"[5, 41, 78, 138, 212, 337, 573, 1620, 4168, 4662, 4695, 4697, 4697]"
6.1704,0.16999999999999998,0.018000000000000002,39,"[5, 22, 31, 36, 38, 39, 39]"
6.0764,0.17999999999999997,0.018000000000000002,15,"[5, 10, 13, 14, 15, 15]"
5.5808,0.18999999999999995,0.018000000000000002,26,"[5, 11, 16, 19, 24, 26, 26]"
6.1972,0.19999999999999996,0.018000000000000002,39,"[5, 13, 18, 21, 22, 24, 27, 31, 34, 36, 38, 39, 39]"
5.7932,0.20999999999999996,0.018000000000000002,9,"[5, 9, 9]"
6.2452,0.21999999999999995,0.018000000000000002,9,"[5, 8, 9, 9]"
5.5844,0.22999999999999995,0.018000000000000002,36,"[5, 25, 31, 33, 35, 36, 36]"
6.1704,0.23999999999999994,0.018000000000000002,24,"[5, 17, 22, 24, 24]"
6.0764,0.24999999999999992,0.018000000000000002,8,"[5, 8, 8]"
5.852,0.1,0.02,4735,"[5, 14, 37, 83, 206, 654, 3308, 4595, 4721, 4734, 4735, 4735]"
6.5212,0.11,0.02,4798,"[5, 15, 28, 57, 137, 361, 1691, 4415, 4781, 4795, 4798, 4798]"
6.0676,0.12,0.02,4760,"[5, 18, 37, 75, 179, 432, 1774, 4395, 4739, 4760, 4760]"
6.5676,0.13,0.02,4815,"[5, 10, 18, 28, 38, 51, 68, 91, 118, 162, 245, 591, 2450, 4636, 4805, 4815, 4815]"
5.8712,0.13999999999999999,0.02,4716,"[5, 50, 117, 249, 504, 1626, 4227, 4685, 4715, 4716, 4716]"
6.49,0.14999999999999997,0.02,4757,"[5, 27, 43, 56, 69, 87, 123, 168, 208, 257, 363, 574, 1802, 4416, 4732, 4755, 4757, 4757]"
6.4092,0.15999999999999998,0.02,4791,"[5, 10, 14, 17, 20, 21, 23, 28, 36, 46, 62, 77, 91, 105, 122, 143, 163, 187, 223, 259, 308, 406, 565, 1142, 3908, 4743, 4791, 4791]"
5.852,0.16999999999999998,0.02,26,"[5, 11, 16, 19, 24, 26, 26]"
6.5212,0.17999999999999997,0.02,18,"[5, 12, 16, 18, 18]"
6.0676,0.18999999999999995,0.02,27,"[5, 11, 14, 16, 19, 23, 25, 26, 27, 27]"
6.5676,0.19999999999999996,0.02,9,"[5, 8, 9, 9]"
5.8712,0.20999999999999996,0.02,40,"[5, 26, 33, 36, 38, 40, 40]"
6.49,0.21999999999999995,0.02,17,"[5, 15, 17, 17]"
6.4092,0.22999999999999995,0.02,8,"[5, 8, 8]"
5.852,0.23999999999999994,0.02,16,"[5, 9, 12, 14, 16, 16]"
6.5212,0.24999999999999992,0.02,12,"[5, 9, 11, 12, 12]"
6.3328,0.1,0.022,4776,"[5, 18, 41, 98, 269, 1313, 4243, 4748, 4774, 4776, 4776]"
6.8612,0.11,0.022,4824,"[5, 15, 46, 103, 240, 1047, 4238, 4792, 4823, 4824, 4824]"
6.1304,0.12,0.022,4729,"[5, 58, 145, 379, 1429, 4226, 4700, 4728, 4729, 4729]"
6.7832,0.13,0.022,4772,"[5, 32, 58, 90, 151, 292, 805, 3607, 4687, 4768, 4772, 4772]"
6.7236,0.13999999999999999,0.022,4803,"[5, 10, 14, 17, 20, 21, 23, 28, 36, 47, 68, 86, 107, 132, 163, 208, 292, 475, 1457, 4360, 4777, 4803, 4803]"
6.1068,0.14999999999999997,0.022,4747,"[5, 12, 25, 35, 50, 65, 86, 102, 122, 158, 198, 266, 388, 826, 3266, 4619, 4737, 4747, 4747]"
6.8056,0.15999999999999998,0.022,30,"[5, 13, 19, 23, 25, 27, 28, 29, 30, 30]"
6.3328,0.16999999999999998,0.022,28,"[5, 11, 14, 16, 19, 24, 26, 27, 28, 28]"
6.8612,0.17999999999999997,0.022,9,"[5, 8, 9, 9]"
6.1304,0.18999999999999995,0.022,149,"[5, 37, 61, 86, 102, 111, 119, 124, 128, 131, 134, 142, 145, 148, 149, 149]"
6.7832,0.19999999999999996,0.022,25,"[5, 17, 23, 25, 25]"
6.7236,0.20999999999999996,0.022,8,"[5, 8, 8]"
6.1068,0.21999999999999995,0.022,16,"[5, 9, 12, 14, 16, 16]"
6.8056,0.22999999999999995,0.022,12,"[5, 10, 12, 12]"
6.3328,0.23999999999999994,0.022,8,"[5, 8, 8]"
6.8612,0.24999999999999992,0.022,8,"[5, 7, 8, 8]"
6.3908,0.1,0.024,4742,"[5, 64, 192, 736, 3660, 4643, 4740, 4742, 4742]"
7.0852,0.11,0.024,4782,"[5, 48, 144, 556, 2918, 4642, 4774, 4782, 4782]"
7.02,0.12,0.024,4811,"[5, 10, 14, 18, 27, 36, 55, 86, 135, 245, 517, 2530, 4625, 4805, 4811, 4811]"
6.352,0.13,0.024,4761,"[5, 13, 29, 43, 67, 99, 150, 230, 559, 2143, 4476, 4739, 4757, 4761, 4761]"
7.1056,0.13999999999999999,0.024,4812,"[5, 16, 28, 40, 50, 62, 77, 100, 138, 193, 281, 494, 1677, 4504, 4801, 4810, 4812, 4812]"
6.586,0.14999999999999997,0.024,4787,"[5, 14, 20, 29, 40, 52, 62, 73, 88, 100, 109, 115, 121, 134, 150, 166, 185, 196, 211, 227, 250, 306, 409, 785, 2812, 4611, 4774, 4785, 4787, 4787]"
7.1436,0.15999999999999998,0.024,9,"[5, 8, 9, 9]"
6.3908,0.16999999999999998,0.024,106,"[5, 38, 61, 80, 93, 100, 103, 104, 105, 106, 106]"
7.0852,0.17999999999999997,0.024,25,"[5, 17, 23, 25, 25]"
7.02,0.18999999999999995,0.024,10,"[5, 9, 10, 10]"
6.352,0.19999999999999996,0.024,25,"[5, 11, 16, 19, 24, 25, 25]"
7.1056,0.20999999999999996,0.024,12,"[5, 10, 12, 12]"
6.586,0.21999999999999995,0.024,9,"[5, 9, 9]"
7.1436,0.22999999999999995,0.024,8,"[5, 7, 8, 8]"
6.3908,0.23999999999999994,0.024,38,"[5, 26, 32, 34, 36, 38, 38]"
7.0852,0.24999999999999992,0.024,15,"[5, 14, 15, 15]"
7.31,0.1,0.026000000000000002,4823,"[5, 10, 15, 23, 38, 64, 128, 287, 1175, 4359, 4804, 4823, 4823]"
6.5984,0.11,0.026000000000000002,4772,"[5, 14, 37, 83, 200, 678, 3494, 4664, 4763, 4772, 4772]"
7.39,0.12,0.026000000000000002,4822,"[5, 16, 28, 44, 68, 108, 211, 489, 2086, 4574, 4812, 4821, 4822, 4822]"
6.844,0.13,0.026000000000000002,4794,"[5, 16, 25, 36, 51, 71, 95, 136, 217, 376, 1274, 4313, 4765, 4793, 4794, 4794]"
7.4384,0.13999999999999999,0.026000000000000002,4843,"[5, 9, 15, 21, 27, 36, 44, 52, 57, 63, 70, 86, 109, 139, 190, 286, 498, 1596, 4546, 4832, 4843, 4843]"
6.646,0.14999999999999997,0.026000000000000002,4749,"[5, 45, 86, 152, 214, 311, 529, 1433, 4281, 4730, 4748, 4749, 4749]"
7.3776,0.15999999999999998,0.026000000000000002,4796,"[5, 25, 36, 45, 50, 58, 66, 75, 87, 97, 108, 120, 137, 154, 169, 187, 208, 227, 242, 262, 287, 317, 364, 450, 690, 2050, 4584, 4784, 4796, 4796]"
7.31,0.16999999999999998,0.026000000000000002,10,"[5, 9, 10, 10]"
6.5984,0.17999999999999997,0.026000000000000002,25,"[5, 11, 16, 19, 24, 25, 25]"
7.39,0.18999999999999995,0.026000000000000002,17,"[5, 11, 15, 17, 17]"
6.844,0.19999999999999996,0.026000000000000002,28,"[5, 11, 14, 16, 18, 23, 26, 27, 28, 28]"
7.4384,0.20999999999999996,0.026000000000000002,8,"[5, 7, 8, 8]"
6.646,0.21999999999999995,0.026000000000000002,34,"[5, 23, 28, 30, 32, 34, 34]"
7.3776,0.22999999999999995,0.026000000000000002,14,"[5, 13, 14, 14]"
7.31,0.23999999999999994,0.026000000000000002,7,"[5, 7, 7]"
6.5984,0.24999999999999992,0.026000000000000002,15,"[5, 9, 12, 13, 15, 15]"
7.6632,0.1,0.028000000000000004,4832,"[5, 17, 32, 66, 166, 608, 3487, 4748, 4830, 4832, 4832]"
7.0828,0.11,0.028000000000000004,4799,"[5, 18, 37, 72, 161, 388, 1744, 4497, 4782, 4798, 4799, 4799]"
7.6868,0.12,0.028000000000000004,4845,"[5, 11, 20, 29, 44, 68, 104, 174, 355, 1466, 4545, 4834, 4845, 4845]"
6.8752,0.13,0.028000000000000004,4760,"[5, 57, 121, 235, 494, 1878, 4451, 4749, 4759, 4760, 4760]"
7.6384,0.13999999999999999,0.028000000000000004,4803,"[5, 31, 53, 81, 113, 164, 233, 378, 1096, 4266, 4776, 4803, 4803]"
7.5712,0.14999999999999997,0.028000000000000004,15,"[5, 10, 13, 14, 15, 15]"
6.8164,0.15999999999999998,0.028000000000000004,4780,"[5, 12, 24, 34, 52, 70, 93, 104, 116, 127, 138, 150, 189, 241, 314, 465, 992, 3616, 4685, 4773, 4779, 4780, 4780]"
7.6632,0.16999999999999998,0.028000000000000004,17,"[5, 11, 15, 17, 17]"
7.0828,0.17999999999999997,0.028000000000000004,19,"[5, 11, 14, 16, 17, 18, 19, 19]"
7.6868,0.18999999999999995,0.028000000000000004,9,"[5, 8, 9, 9]"
6.8752,0.19999999999999996,0.028000000000000004,98,"[5, 38, 59, 77, 88, 93, 95, 96, 97, 98, 98]"
7.6384,0.20999999999999996,0.028000000000000004,14,"[5, 13, 14, 14]"
7.5712,0.21999999999999995,0.028000000000000004,7,"[5, 7, 7]"
6.8164,0.22999999999999995,0.028000000000000004,14,"[5, 9, 11, 12, 14, 14]"
7.6632,0.23999999999999994,0.028000000000000004,12,"[5, 10, 12, 12]"
7.0828,0.24999999999999992,0.028000000000000004,8,"[5, 8, 8]"
7.934,0.1,0.03,4849,"[5, 14, 38, 78, 151, 477, 2878, 4738, 4847, 4849, 4849]"
7.1164,0.11,0.03,4769,"[5, 72, 211, 751, 3756, 4706, 4769, 4769]"
7.8948,0.12,0.03,4817,"[5, 42, 84, 150, 321, 1118, 4342, 4794, 4817, 4817]"
7.844,0.13,0.03,4843,"[5, 10, 13, 14, 16, 17, 19, 22, 26, 31, 40, 48, 57, 71, 83, 100, 117, 138, 163, 199, 267, 408, 1000, 4245, 4825, 4843, 4843]"
7.0448,0.13999999999999999,0.03,4789,"[5, 12, 25, 37, 60, 96, 142, 218, 368, 979, 4011, 4725, 4787, 4789, 4789]"
7.9104,0.14999999999999997,0.03,22,"[5, 11, 16, 19, 20, 21, 22, 22]"
7.3024,0.15999999999999998,0.03,59,"[5, 13, 19, 27, 34, 44, 50, 53, 57, 59, 59]"
7.934,0.16999999999999998,0.03,9,"[5, 8, 9, 9]"
7.1164,0.17999999999999997,0.03,102,"[5, 41, 63, 80, 90, 96, 98, 100, 101, 102, 102]"
7.8948,0.18999999999999995,0.03,23,"[5, 16, 21, 23, 23]"
7.844,0.19999999999999996,0.03,9,"[5, 9, 9]"
7.0448,0.20999999999999996,0.03,14,"[5, 9, 11, 12, 14, 14]"
7.9104,0.21999999999999995,0.03,12,"[5, 10, 12, 12]"
7.3024,0.22999999999999995,0.03,8,"[5, 8, 8]"
7.934,0.23999999999999994,0.03,8,"[5, 7, 8, 8]"
7.1164,0.24999999999999992,0.03,34,"[5, 23, 28, 30, 32, 34, 34]"
8.1488,0.1,0.032,4826,"[5, 48, 126, 364, 1799, 4606, 4817, 4826, 4826]"
8.1204,0.11,0.032,4847,"[5, 10, 14, 20, 34, 59, 124, 248, 797, 4136, 4814, 4846, 4847, 4847]"
7.2608,0.12,0.032,4797,"[5, 13, 31, 52, 92, 176, 383, 1451, 4367, 4772, 4796, 4797, 4797]"
8.1764,0.13,0.032,26,"[5, 12, 17, 20, 22, 24, 25, 26, 26]"
7.512,0.13999999999999999,0.032,4813,"[5, 15, 24, 34, 46, 63, 77, 93, 130, 171, 239, 379, 1127, 4277, 4783, 4811, 4813, 4813]"
8.1888,0.14999999999999997,0.032,9,"[5, 8, 9, 9]"
7.3444,0.15999999999999998,0.032,4778,"[5, 54, 98, 158, 217, 282, 343, 447, 612, 1335, 4295, 4759, 4778, 4778]"
8.1488,0.16999999999999998,0.032,21,"[5, 15, 19, 21, 21]"
8.1204,0.17999999999999997,0.032,8,"[5, 8, 8]"
7.2608,0.18999999999999995,0.032,19,"[5, 11, 15, 17, 19, 19]"
8.1764,0.19999999999999996,0.032,12,"[5, 10, 12, 12]"
7.512,0.20999999999999996,0.032,7,"[5, 7, 7]"
8.1888,0.21999999999999995,0.032,8,"[5, 7, 8, 8]"
7.3444,0.22999999999999995,0.032,35,"[5, 24, 29, 31, 33, 35, 35]"
8.1488,0.23999999999999994,0.032,13,"[5, 12, 13, 13]"
8.1204,0.24999999999999992,0.032,7,"[5, 7, 7]"
7.4748,0.1,0.034,4803,"[5, 14, 36, 66, 143, 365, 1558, 4471, 4787, 4802, 4803, 4803]"
8.4288,0.11,0.034,4855,"[5, 16, 29, 57, 120, 249, 868, 4249, 4834, 4854, 4855, 4855]"
7.7304,0.12,0.034,4825,"[5, 16, 26, 44, 78, 119, 184, 339, 1132, 4349, 4801, 4824, 4825, 4825]"
8.4264,0.13,0.034,120,"[5, 8, 10, 14, 18, 19, 20, 22, 27, 29, 31, 34, 41, 52, 65, 81, 91, 99, 103, 108, 111, 113, 114, 115, 116, 117, 120, 120]"
7.5724,0.13999999999999999,0.034,4790,"[5, 63, 125, 234, 428, 1276, 4365, 4776, 4790, 4790]"
8.398,0.14999999999999997,0.034,33,"[5, 19, 27, 30, 31, 32, 33, 33]"
8.3832,0.15999999999999998,0.034,14,"[5, 10, 12, 13, 14, 14]"
7.4748,0.16999999999999998,0.034,19,"[5, 11, 15, 17, 19, 19]"
8.4288,0.17999999999999997,0.034,12,"[5, 10, 12, 12]"
7.7304,0.18999999999999995,0.034,11,"[5, 10, 11, 11]"
8.4264,0.19999999999999996,0.034,9,"[5, 8, 9, 9]"
7.5724,0.20999999999999996,0.034,30,"[5, 21, 25, 27, 29, 30, 30]"
8.398,0.21999999999999995,0.034,13,"[5, 12, 13, 13]"
8.3832,0.22999999999999995,0.034,7,"[5, 7, 7]"
7.4748,0.23999999999999994,0.034,10,"[5, 9, 10, 10]"
8.4288,0.24999999999999992,0.034,12,"[5, 10, 12, 12]"
7.9344,0.1,0.036000000000000004,4829,"[5, 18, 34, 59, 110, 206, 730, 4106, 4799, 4828, 4829, 4829]"
8.6432,0.11,0.036000000000000004,4869,"[5, 14, 37, 74, 131, 320, 1434, 4602, 4861, 4869, 4869]"
7.7708,0.12,0.036000000000000004,4796,"[5, 72, 168, 363, 1328, 4421, 4784, 4796, 4796]"
8.6424,0.13,0.036000000000000004,4838,"[5, 27, 42, 54, 66, 82, 94, 108, 119, 135, 141, 147, 150, 153, 158, 171, 188, 206, 243, 341, 740, 3614, 4787, 4836, 4838, 4838]"
8.6324,0.13999999999999999,0.036000000000000004,16,"[5, 10, 13, 14, 16, 16]"
7.6772,0.14999999999999997,0.036000000000000004,4808,"[5, 12, 24, 32, 46, 58, 74, 83, 91, 117, 136, 163, 190, 224, 256, 282, 309, 372, 487, 807, 2771, 4655, 4804, 4807, 4808, 4808]"
8.6684,0.15999999999999998,0.036000000000000004,12,"[5, 10, 12, 12]"
7.9344,0.16999999999999998,0.036000000000000004,9,"[5, 9, 9]"
8.6432,0.17999999999999997,0.036000000000000004,9,"[5, 8, 9, 9]"
7.7708,0.18999999999999995,0.036000000000000004,75,"[5, 39, 57, 66, 72, 75, 75]"
8.6424,0.19999999999999996,0.036000000000000004,21,"[5, 15, 19, 21, 21]"
8.6324,0.20999999999999996,0.036000000000000004,7,"[5, 7, 7]"
7.6772,0.21999999999999995,0.036000000000000004,10,"[5, 9, 10, 10]"
8.6684,0.22999999999999995,0.036000000000000004,11,"[5, 10, 11, 11]"
7.9344,0.23999999999999994,0.036000000000000004,7,"[5, 7, 7]"
8.6432,0.24999999999999992,0.036000000000000004,5,"[5, 5]"
7.9696,0.1,0.038,4802,"[5, 76, 208, 786, 4121, 4769, 4801, 4802, 4802]"
8.8632,0.11,0.038,4841,"[5, 49, 114, 285, 1219, 4538, 4830, 4841, 4841]"
8.864,0.12,0.038,4862,"[5, 10, 13, 15, 21, 26, 38, 51, 78, 114, 191, 376, 1411, 4580, 4849, 4862, 4862]"
7.8692,0.13,0.038,4816,"[5, 12, 24, 34, 55, 79, 111, 135, 166, 242, 371, 1029, 4187, 4784, 4815, 4816, 4816]"
8.9024,0.13999999999999999,0.038,21,"[5, 11, 15, 17, 18, 19, 20, 21, 21]"
8.1372,0.14999999999999997,0.038,30,"[5, 10, 13, 17, 19, 24, 27, 29, 30, 30]"
8.8696,0.15999999999999998,0.038,10,"[5, 9, 10, 10]"
7.9696,0.16999999999999998,0.038,66,"[5, 37, 54, 61, 66, 66]"
8.8632,0.17999999999999997,0.038,21,"[5, 15, 19, 21, 21]"
8.864,0.18999999999999995,0.038,8,"[5, 8, 8]"
7.8692,0.19999999999999996,0.038,16,"[5, 10, 13, 14, 16, 16]"
8.9024,0.20999999999999996,0.038,11,"[5, 10, 11, 11]"
8.1372,0.21999999999999995,0.038,7,"[5, 7, 7]"
8.8696,0.22999999999999995,0.038,6,"[5, 6, 6]"
7.9696,0.23999999999999994,0.038,29,"[5, 20, 24, 26, 28, 29, 29]"
8.8632,0.24999999999999992,0.038,12,"[5, 11, 12, 12]"
9.0932,0.1,0.04,4865,"[5, 10, 13, 15, 21, 28, 50, 80, 148, 335, 1747, 4629, 4855, 4865, 4865]"
8.064,0.11,0.04,4823,"[5, 13, 33, 57, 115, 273, 918, 4233, 4788, 4821, 4823, 4823]"
9.12,0.12,0.04,35,"[5, 13, 20, 26, 28, 30, 34, 35, 35]"
8.3284,0.13,0.04,4842,"[5, 14, 22, 31, 41, 55, 70, 92, 127, 160, 214, 320, 727, 3470, 4769, 4838, 4842, 4842]"
9.0936,0.13999999999999999,0.04,10,"[5, 9, 10, 10]"
8.1704,0.14999999999999997,0.04,4809,"[5, 53, 88, 123, 149, 173, 184, 195, 212, 237, 257, 275, 314, 365, 465, 858, 3501, 4744, 4809, 4809]"
9.0884,0.15999999999999998,0.04,27,"[5, 16, 21, 24, 25, 26, 27, 27]"
9.0932,0.16999999999999998,0.04,7,"[5, 7, 7]"
8.064,0.17999999999999997,0.04,15,"[5, 10, 13, 14, 15, 15]"
9.12,0.18999999999999995,0.04,12,"[5, 10, 12, 12]"
8.3284,0.19999999999999996,0.04,7,"[5, 7, 7]"
9.0936,0.20999999999999996,0.04,6,"[5, 6, 6]"
8.1704,0.21999999999999995,0.04,26,"[5, 19, 22, 23, 25, 26, 26]"
9.0884,0.22999999999999995,0.04,12,"[5, 11, 12, 12]"
9.0932,0.23999999999999994,0.04,7,"[5, 7, 7]"
8.064,0.24999999999999992,0.04,9,"[5, 9, 9]"
9.3408,0.1,0.042,4872,"[5, 15, 27, 49, 91, 159, 364, 1711, 4678, 4868, 4872, 4872]"
8.5252,0.11,0.042,4845,"[5, 16, 26, 40, 66, 98, 157, 299, 997, 4383, 4825, 4844, 4845, 4845]"
9.2972,0.12,0.042,4878,"[5, 11, 18, 29, 42, 58, 81, 99, 113, 132, 164, 212, 318, 1070, 4482, 4868, 4878, 4878]"
8.3768,0.13,0.042,4817,"[5, 63, 118, 209, 378, 977, 4217, 4795, 4817, 4817]"
9.294,0.13999999999999999,0.042,125,"[5, 24, 34, 42, 48, 57, 63, 69, 73, 75, 77, 79, 81, 84, 86, 91, 97, 99, 101, 103, 105, 109, 111, 112, 114, 118, 122, 123, 124, 125, 125]"
9.3108,0.14999999999999997,0.042,13,"[5, 10, 12, 13, 13]"
8.2584,0.15999999999999998,0.042,24,"[5, 10, 15, 18, 20, 22, 23, 24, 24]"
9.3408,0.16999999999999998,0.042,12,"[5, 10, 12, 12]"
8.5252,0.17999999999999997,0.042,7,"[5, 7, 7]"
9.2972,0.18999999999999995,0.042,7,"[5, 7, 7]"
8.3768,0.19999999999999996,0.042,69,"[5, 38, 55, 63, 69, 69]"
9.294,0.20999999999999996,0.042,12,"[5, 11, 12, 12]"
9.3108,0.21999999999999995,0.042,7,"[5, 7, 7]"
8.2584,0.22999999999999995,0.042,9,"[5, 9, 9]"
9.3408,0.23999999999999994,0.042,11,"[5, 10, 11, 11]"
8.5252,0.24999999999999992,0.042,7,"[5, 7, 7]"
9.4968,0.1,0.044000000000000004,4880,"[5, 15, 33, 58, 89, 186, 690, 4119, 4852, 4880, 4880]"
8.5672,0.11,0.044000000000000004,4821,"[5, 78, 202, 655, 3836, 4772, 4821, 4821]"
9.5148,0.12,0.044000000000000004,4858,"[5, 34, 61, 105, 148, 226, 465, 2058, 4708, 4854, 4858, 4858]"
9.5372,0.13,0.044000000000000004,15,"[5, 10, 12, 13, 15, 15]"
8.4436,0.13999999999999999,0.044000000000000004,4828,"[5, 12, 24, 32, 48, 66, 87, 101, 106, 113, 121, 132, 142, 151, 160, 169, 181, 189, 199, 223, 256, 293, 377, 606, 2070, 4638, 4820, 4827, 4828, 4828]"
9.5496,0.14999999999999997,0.044000000000000004,12,"[5, 10, 12, 12]"
8.7232,0.15999999999999998,0.044000000000000004,21,"[5, 10, 13, 17, 19, 21, 21]"
9.4968,0.16999999999999998,0.044000000000000004,7,"[5, 7, 7]"
8.5672,0.17999999999999997,0.044000000000000004,64,"[5, 37, 53, 60, 64, 64]"
9.5148,0.18999999999999995,0.044000000000000004,20,"[5, 14, 17, 19, 20, 20]"
9.5372,0.19999999999999996,0.044000000000000004,7,"[5, 7, 7]"
8.4436,0.20999999999999996,0.044000000000000004,9,"[5, 9, 9]"
9.5496,0.21999999999999995,0.044000000000000004,10,"[5, 9, 10, 10]"
8.7232,0.22999999999999995,0.044000000000000004,7,"[5, 7, 7]"
9.4968,0.23999999999999994,0.044000000000000004,6,"[5, 6, 6]"
8.5672,0.24999999999999992,0.044000000000000004,26,"[5, 19, 22, 23, 25, 26, 26]"
9.7372,0.1,0.046000000000000006,4868,"[5, 45, 101, 221, 735, 4267, 4844, 4868, 4868]"
9.7592,0.11,0.046000000000000006,4873,"[5, 10, 13, 15, 22, 30, 53, 82, 151, 299, 1072, 4534, 4859, 4873, 4873]"
8.6212,0.12,0.046000000000000006,4830,"[5, 13, 27, 37, 59, 88, 136, 210, 440, 1550, 4539, 4813, 4828, 4830, 4830]"
9.7456,0.13,0.046000000000000006,66,"[5, 11, 15, 17, 18, 19, 20, 24, 28, 33, 38, 43, 47, 50, 54, 59, 64, 65, 66, 66]"
8.9028,0.13999999999999999,0.046000000000000006,4848,"[5, 14, 21, 28, 34, 43, 52, 68, 88, 105, 133, 156, 189, 236, 322, 548, 1784, 4622, 4840, 4847, 4848, 4848]"
9.7012,0.14999999999999997,0.046000000000000006,10,"[5, 8, 9, 10, 10]"
8.736,0.15999999999999998,0.046000000000000006,111,"[5, 47, 77, 95, 106, 111, 111]"
9.7372,0.16999999999999998,0.046000000000000006,20,"[5, 14, 17, 19, 20, 20]"
9.7592,0.17999999999999997,0.046000000000000006,7,"[5, 7, 7]"
8.6212,0.18999999999999995,0.046000000000000006,11,"[5, 9, 11, 11]"
9.7456,0.19999999999999996,0.046000000000000006,10,"[5, 9, 10, 10]"
8.9028,0.20999999999999996,0.046000000000000006,7,"[5, 7, 7]"
9.7012,0.21999999999999995,0.046000000000000006,6,"[5, 6, 6]"
8.736,0.22999999999999995,0.046000000000000006,28,"[5, 20, 24, 25, 27, 28, 28]"
9.7372,0.23999999999999994,0.046000000000000006,11,"[5, 10, 11, 11]"
9.7592,0.24999999999999992,0.046000000000000006,7,"[5, 7, 7]"
8.7952,0.1,0.048,4835,"[5, 14, 36, 59, 112, 273, 1079, 4422, 4816, 4835, 4835]"
9.952,0.11,0.048,4886,"[5, 14, 26, 39, 57, 95, 163, 342, 1230, 4638, 4881, 4886, 4886]"
9.0692,0.12,0.048,4851,"[5, 14, 23, 34, 46, 62, 77, 102, 142, 198, 314, 927, 4341, 4830, 4850, 4851, 4851]"
9.8976,0.13,0.048,11,"[5, 9, 10, 11, 11]"
8.922,0.13999999999999999,0.048,4829,"[5, 65, 121, 191, 286, 432, 1035, 4306, 4812, 4829, 4829]"
9.94,0.14999999999999997,0.048,28,"[5, 17, 22, 25, 26, 27, 28, 28]"
9.9684,0.15999999999999998,0.048,11,"[5, 8, 10, 11, 11]"
8.7952,0.16999999999999998,0.048,11,"[5, 9, 11, 11]"
9.952,0.17999999999999997,0.048,10,"[5, 9, 10, 10]"
9.0692,0.18999999999999995,0.048,7,"[5, 7, 7]"
9.8976,0.19999999999999996,0.048,7,"[5, 7, 7]"
8.922,0.20999999999999996,0.048,22,"[5, 19, 22, 22]"
9.94,0.21999999999999995,0.048,11,"[5, 10, 11, 11]"
9.9684,0.22999999999999995,0.048,7,"[5, 7, 7]"
8.7952,0.23999999999999994,0.048,9,"[5, 9, 9]"
9.952,0.24999999999999992,0.048,9,"[5, 8, 9, 9]"
9.2516,0.1,0.05,4853,"[5, 15, 26, 42, 68, 106, 184, 490, 3001, 4771, 4851, 4853, 4853]"
10.1096,0.11,0.05,4895,"[5, 12, 21, 35, 54, 83, 130, 232, 867, 4496, 4883, 4895, 4895]"
9.0964,0.12,0.05,4832,"[5, 74, 161, 321, 1071, 4445, 4822, 4832, 4832]"
10.1356,0.13,0.05,31,"[5, 20, 25, 28, 29, 30, 31, 31]"
10.172,0.13999999999999999,0.05,14,"[5, 10, 12, 13, 14, 14]"
8.9656,0.14999999999999997,0.05,18,"[5, 10, 14, 16, 17, 18, 18]"
10.1448,0.15999999999999998,0.05,12,"[5, 10, 12, 12]"
9.2516,0.16999999999999998,0.05,7,"[5, 7, 7]"
10.1096,0.17999999999999997,0.05,7,"[5, 7, 7]"
9.0964,0.18999999999999995,0.05,48,"[5, 32, 40, 44, 47, 48, 48]"
10.1356,0.19999999999999996,0.05,14,"[5, 13, 14, 14]"
10.172,0.20999999999999996,0.05,7,"[5, 7, 7]"
8.9656,0.21999999999999995,0.05,9,"[5, 9, 9]"
10.1448,0.22999999999999995,0.05,9,"[5, 8, 9, 9]"
9.2516,0.23999999999999994,0.05,7,"[5, 7, 7]"
10.1096,0.24999999999999992,0.05,6,"[5, 6, 6]"
9.266,0.1,0.052000000000000005,4836,"[5, 80, 195, 628, 3834, 4797, 4836, 4836]"
10.3196,0.11,0.052000000000000005,4880,"[5, 40, 83, 171, 357, 1513, 4693, 4877, 4880, 4880]"
10.376,0.12,0.052000000000000005,15,"[5, 10, 13, 14, 15, 15]"
9.1436,0.13,0.052000000000000005,90,"[5, 13, 26, 33, 46, 60, 71, 82, 86, 87, 88, 90, 90]"
10.3364,0.13999999999999999,0.052000000000000005,45,"[5, 10, 13, 14, 15, 16, 17, 21, 24, 26, 29, 32, 35, 37, 39, 41, 43, 44, 45, 45]"
9.4148,0.14999999999999997,0.052000000000000005,20,"[5, 9, 12, 16, 18, 20, 20]"
10.3016,0.15999999999999998,0.052000000000000005,8,"[5, 8, 8]"
9.266,0.16999999999999998,0.052000000000000005,46,"[5, 31, 38, 42, 45, 46, 46]"
10.3196,0.17999999999999997,0.052000000000000005,13,"[5, 12, 13, 13]"
10.376,0.18999999999999995,0.052000000000000005,7,"[5, 7, 7]"
9.1436,0.19999999999999996,0.052000000000000005,11,"[5, 9, 11, 11]"
10.3364,0.20999999999999996,0.052000000000000005,9,"[5, 8, 9, 9]"
9.4148,0.21999999999999995,0.052000000000000005,7,"[5, 7, 7]"
10.3016,0.22999999999999995,0.052000000000000005,5,"[5, 5]"
9.266,0.23999999999999994,0.052000000000000005,20,"[5, 18, 20, 20]"
10.3196,0.24999999999999992,0.052000000000000005,11,"[5, 10, 11, 11]"
10.5812,0.1,0.054,4885,"[5, 10, 13, 15, 21, 28, 47, 68, 117, 225, 475, 2454, 4765, 4883, 4885, 4885]"
9.2928,0.11,0.054,4846,"[5, 14, 35, 54, 90, 174, 391, 1543, 4612, 4834, 4845, 4846, 4846]"
10.5116,0.12,0.054,64,"[5, 11, 16, 19, 20, 21, 22, 27, 32, 36, 39, 42, 46, 50, 54, 58, 62, 63, 64, 64]"
9.58,0.13,0.054,73,"[5, 11, 18, 26, 33, 41, 47, 52, 58, 64, 69, 71, 72, 73, 73]"
10.4948,0.13999999999999999,0.054,11,"[5, 9, 10, 11, 11]"
9.4308,0.14999999999999997,0.054,89,"[5, 44, 66, 79, 86, 89, 89]"
10.5108,0.15999999999999998,0.054,21,"[5, 15, 19, 21, 21]"
10.5812,0.16999999999999998,0.054,7,"[5, 7, 7]"
9.2928,0.17999999999999997,0.054,11,"[5, 9, 11, 11]"
10.5116,0.18999999999999995,0.054,10,"[5, 9, 10, 10]"
9.58,0.19999999999999996,0.054,7,"[5, 7, 7]"
10.4948,0.20999999999999996,0.054,5,"[5, 5]"
9.4308,0.21999999999999995,0.054,20,"[5, 18, 20, 20]"
10.5108,0.22999999999999995,0.054,11,"[5, 10, 11, 11]"
10.5812,0.23999999999999994,0.054,7,"[5, 7, 7]"
9.2928,0.24999999999999992,0.054,9,"[5, 9, 9]"
10.6892,0.1,0.056,4899,"[5, 13, 26, 36, 50, 77, 118, 217, 675, 4212, 4883, 4899, 4899]"
9.7452,0.11,0.056,4860,"[5, 16, 28, 45, 75, 123, 217, 533, 2786, 4766, 4856, 4860, 4860]"
10.6768,0.12,0.056,34,"[5, 9, 11, 16, 20, 22, 26, 31, 32, 33, 34, 34]"
9.5872,0.13,0.056,4842,"[5, 63, 108, 156, 201, 263, 346, 567, 1966, 4678, 4841, 4842, 4842]"
10.7024,0.13999999999999999,0.056,35,"[5, 20, 26, 30, 32, 34, 35, 35]"
10.7668,0.14999999999999997,0.056,7,"[5, 7, 7]"
9.4484,0.15999999999999998,0.056,17,"[5, 10, 14, 16, 17, 17]"
10.6892,0.16999999999999998,0.056,9,"[5, 8, 9, 9]"
9.7452,0.17999999999999997,0.056,7,"[5, 7, 7]"
10.6768,0.18999999999999995,0.056,7,"[5, 7, 7]"
9.5872,0.19999999999999996,0.056,45,"[5, 30, 37, 41, 44, 45, 45]"
10.7024,0.20999999999999996,0.056,11,"[5, 10, 11, 11]"
10.7668,0.21999999999999995,0.056,7,"[5, 7, 7]"
9.4484,0.22999999999999995,0.056,9,"[5, 9, 9]"
10.6892,0.23999999999999994,0.056,9,"[5, 8, 9, 9]"
9.7452,0.24999999999999992,0.056,7,"[5, 7, 7]"
10.8644,0.1,0.058,4913,"[5, 12, 21, 34, 49, 67, 99, 157, 325, 1442, 4748, 4908, 4913, 4913]"
9.7428,0.11,0.058,4844,"[5, 82, 185, 466, 2253, 4701, 4844, 4844]"
10.892,0.12,0.058,4890,"[5, 25, 36, 49, 62, 74, 87, 101, 111, 121, 138, 159, 195, 232, 307, 684, 4003, 4867, 4890, 4890]"
10.9444,0.13,0.058,12,"[5, 9, 11, 12, 12]"
9.6204,0.13999999999999999,0.058,81,"[5, 13, 25, 32, 45, 58, 66, 73, 77, 78, 79, 81, 81]"
10.8756,0.14999999999999997,0.058,11,"[5, 10, 11, 11]"
9.8952,0.15999999999999998,0.058,19,"[5, 9, 12, 15, 17, 19, 19]"
10.8644,0.16999999999999998,0.058,7,"[5, 7, 7]"
9.7428,0.17999999999999997,0.058,44,"[5, 29, 36, 40, 43, 44, 44]"
10.892,0.18999999999999995,0.058,13,"[5, 12, 13, 13]"
10.9444,0.19999999999999996,0.058,7,"[5, 7, 7]"
9.6204,0.20999999999999996,0.058,9,"[5, 9, 9]"
10.8756,0.21999999999999995,0.058,9,"[5, 8, 9, 9]"
9.8952,0.22999999999999995,0.058,7,"[5, 7, 7]"
10.8644,0.23999999999999994,0.058,5,"[5, 5]"
9.7428,0.24999999999999992,0.058,20,"[5, 18, 20, 20]"
11.0568,0.1,0.060000000000000005,4893,"[5, 35, 70, 134, 270, 1063, 4624, 4887, 4893, 4893]"
11.1292,0.11,0.060000000000000005,4895,"[5, 10, 13, 15, 21, 28, 48, 69, 109, 152, 220, 452, 1994, 4743, 4891, 4895, 4895]"
9.782,0.12,0.060000000000000005,4857,"[5, 13, 27, 35, 51, 71, 99, 136, 198, 314, 752, 3965, 4819, 4854, 4857, 4857]"
11.066,0.13,0.060000000000000005,12,"[5, 10, 12, 12]"
10.0512,0.13999999999999999,0.060000000000000005,46,"[5, 11, 17, 23, 29, 36, 40, 42, 43, 44, 45, 46, 46]"
11.0372,0.14999999999999997,0.060000000000000005,7,"[5, 7, 7]"
9.9096,0.15999999999999998,0.060000000000000005,86,"[5, 47, 69, 80, 85, 86, 86]"
11.0568,0.16999999999999998,0.060000000000000005,13,"[5, 12, 13, 13]"
11.1292,0.17999999999999997,0.060000000000000005,7,"[5, 7, 7]"
9.782,0.18999999999999995,0.060000000000000005,11,"[5, 9, 11, 11]"
11.066,0.19999999999999996,0.060000000000000005,9,"[5, 8, 9, 9]"
10.0512,0.20999999999999996,0.060000000000000005,7,"[5, 7, 7]"
11.0372,0.21999999999999995,0.060000000000000005,5,"[5, 5]"
9.9096,0.22999999999999995,0.060000000000000005,22,"[5, 20, 22, 22]"
11.0568,0.23999999999999994,0.060000000000000005,11,"[5, 10, 11, 11]"
11.1292,0.24999999999999992,0.060000000000000005,7,"[5, 7, 7]"
9.9332,0.1,0.062000000000000006,4860,"[5, 13, 27, 37, 61, 129, 234, 744, 4241, 4835, 4859, 4860, 4860]"
11.2384,0.11,0.062000000000000006,4907,"[5, 12, 23, 32, 42, 57, 77, 107, 148, 223, 435, 1995, 4778, 4907, 4907]"
10.2112,0.12,0.062000000000000006,4873,"[5, 12, 20, 29, 39, 54, 70, 84, 107, 139, 164, 219, 331, 833, 4350, 4854, 4872, 4873, 4873]"
11.206,0.13,0.062000000000000006,8,"[5, 8, 8]"
10.0748,0.13999999999999999,0.062000000000000006,4848,"[5, 65, 102, 137, 167, 198, 227, 272, 333, 405, 488, 901, 4137, 4816, 4848, 4848]"
11.2492,0.14999999999999997,0.062000000000000006,19,"[5, 13, 16, 18, 19, 19]"
11.3,0.15999999999999998,0.062000000000000006,7,"[5, 7, 7]"
9.9332,0.16999999999999998,0.062000000000000006,11,"[5, 9, 11, 11]"
11.2384,0.17999999999999997,0.062000000000000006,9,"[5, 8, 9, 9]"
10.2112,0.18999999999999995,0.062000000000000006,7,"[5, 7, 7]"
11.206,0.19999999999999996,0.062000000000000006,7,"[5, 7, 7]"
10.0748,0.20999999999999996,0.062000000000000006,22,"[5, 20, 22, 22]"
11.2492,0.21999999999999995,0.062000000000000006,11,"[5, 10, 11, 11]"
11.3,0.22999999999999995,0.062000000000000006,7,"[5, 7, 7]"
9.9332,0.23999999999999994,0.062000000000000006,8,"[5, 8, 8]"
11.2384,0.24999999999999992,0.062000000000000006,9,"[5, 8, 9, 9]"
10.36,0.1,0.064,4875,"[5, 15, 25, 37, 53, 75, 104, 151, 323, 1302, 4622, 4864, 4874, 4875, 4875]"
11.3876,0.11,0.064,4916,"[5, 11, 20, 32, 46, 63, 95, 142, 224, 447, 1954, 4808, 4913, 4916, 4916]"
10.2296,0.12,0.064,4849,"[5, 77, 147, 251, 438, 1540, 4646, 4844, 4849, 4849]"
11.4236,0.13,0.064,28,"[5, 18, 23, 26, 27, 28, 28]"
11.4868,0.13999999999999999,0.064,11,"[5, 8, 10, 11, 11]"
10.08,0.14999999999999997,0.064,15,"[5, 9, 13, 14, 15, 15]"
11.4068,0.15999999999999998,0.064,11,"[5, 10, 11, 11]"
10.36,0.16999999999999998,0.064,7,"[5, 7, 7]"
11.3876,0.17999999999999997,0.064,7,"[5, 7, 7]"
10.2296,0.18999999999999995,0.064,44,"[5, 30, 36, 40, 43, 44, 44]"
11.4236,0.19999999999999996,0.064,13,"[5, 12, 13, 13]"
11.4868,0.20999999999999996,0.064,7,"[5, 7, 7]"
10.08,0.21999999999999995,0.064,7,"[5, 7, 7]"
11.4068,0.22999999999999995,0.064,9,"[5, 8, 9, 9]"
10.36,0.23999999999999994,0.064,7,"[5, 7, 7]"
11.3876,0.24999999999999992,0.064,5,"[5, 5]"
10.3872,0.1,0.066,4850,"[5, 90, 191, 466, 2642, 4750, 4850, 4850]"
11.6052,0.11,0.066,4899,"[5, 34, 58, 88, 139, 204, 396, 1809, 4778, 4897, 4899, 4899]"
11.6644,0.12,0.066,13,"[5, 9, 11, 12, 13, 13]"
10.228,0.13,0.066,28,"[5, 10, 14, 17, 23, 26, 27, 28, 28]"
11.586,0.13999999999999999,0.066,12,"[5, 11, 12, 12]"
10.5192,0.14999999999999997,0.066,14,"[5, 10, 12, 13, 14, 14]"
11.5568,0.15999999999999998,0.066,7,"[5, 7, 7]"
10.3872,0.16999999999999998,0.066,45,"[5, 30, 36, 41, 44, 45, 45]"
11.6052,0.17999999999999997,0.066,13,"[5, 12, 13, 13]"
11.6644,0.18999999999999995,0.066,7,"[5, 7, 7]"
10.228,0.19999999999999996,0.066,11,"[5, 9, 11, 11]"
11.586,0.20999999999999996,0.066,9,"[5, 8, 9, 9]"
10.5192,0.21999999999999995,0.066,7,"[5, 7, 7]"
11.5568,0.22999999999999995,0.066,5,"[5, 5]"
10.3872,0.23999999999999994,0.066,21,"[5, 20, 21, 21]"
11.6052,0.24999999999999992,0.066,11,"[5, 10, 11, 11]"
11.8368,0.1,0.068,15,"[5, 10, 13, 14, 15, 15]"
10.3844,0.11,0.068,4865,"[5, 13, 28, 40, 63, 109, 174, 383, 1410, 4639, 4855, 4864, 4865, 4865]"
11.746,0.12,0.068,31,"[5, 11, 14, 15, 16, 17, 18, 21, 25, 29, 31, 31]"
10.6644,0.13,0.068,28,"[5, 10, 13, 16, 19, 23, 25, 27, 28, 28]"
11.7052,0.13999999999999999,0.068,7,"[5, 7, 7]"
10.5284,0.14999999999999997,0.068,77,"[5, 46, 62, 70, 75, 77, 77]"
11.75,0.15999999999999998,0.068,17,"[5, 13, 16, 17, 17]"
11.8368,0.16999999999999998,0.068,7,"[5, 7, 7]"
10.3844,0.17999999999999997,0.068,11,"[5, 9, 11, 11]"
11.746,0.18999999999999995,0.068,10,"[5, 9, 10, 10]"
10.6644,0.19999999999999996,0.068,7,"[5, 7, 7]"
11.7052,0.20999999999999996,0.068,5,"[5, 5]"
10.5284,0.21999999999999995,0.068,21,"[5, 20, 21, 21]"
11.75,0.22999999999999995,0.068,11,"[5, 10, 11, 11]"
11.8368,0.23999999999999994,0.068,6,"[5, 6, 6]"
10.3844,0.24999999999999992,0.068,7,"[5, 7, 7]"
11.93,0.1,0.06999999999999999,4915,"[5, 12, 23, 31, 40, 50, 59, 74, 91, 111, 148, 232, 677, 4337, 4900, 4915, 4915]"
10.8068,0.11,0.06999999999999999,4881,"[5, 14, 24, 36, 52, 75, 104, 145, 259, 828, 4439, 4868, 4880, 4881, 4881]"
11.8636,0.12,0.06999999999999999,11,"[5, 9, 10, 11, 11]"
10.6772,0.13,0.06999999999999999,4855,"[5, 64, 100, 132, 165, 206, 243, 288, 362, 477, 1135, 4560, 4846, 4855, 4855]"
11.9224,0.13999999999999999,0.06999999999999999,26,"[5, 16, 20, 23, 25, 26, 26]"
12.0116,0.14999999999999997,0.06999999999999999,7,"[5, 7, 7]"
10.5236,0.15999999999999998,0.06999999999999999,14,"[5, 9, 12, 13, 14, 14]"
11.93,0.16999999999999998,0.06999999999999999,9,"[5, 8, 9, 9]"
10.8068,0.17999999999999997,0.06999999999999999,7,"[5, 7, 7]"
11.8636,0.18999999999999995,0.06999999999999999,7,"[5, 7, 7]"
10.6772,0.19999999999999996,0.06999999999999999,43,"[5, 28, 34, 39, 42, 43, 43]"
11.9224,0.20999999999999996,0.06999999999999999,11,"[5, 10, 11, 11]"
12.0116,0.21999999999999995,0.06999999999999999,6,"[5, 6, 6]"
10.5236,0.22999999999999995,0.06999999999999999,6,"[5, 6, 6]"
11.93,0.23999999999999994,0.06999999999999999,9,"[5, 8, 9, 9]"
10.8068,0.24999999999999992,0.06999999999999999,7,"[5, 7, 7]"
12.024,0.1,0.072,4923,"[5, 11, 19, 27, 36, 49, 68, 89, 128, 184, 311, 1380, 4778, 4920, 4923, 4923]"
10.8168,0.11,0.072,4857,"[5, 88, 185, 409, 1677, 4698, 4855, 4857, 4857]"
12.0844,0.12,0.072,32,"[5, 20, 26, 29, 31, 32, 32]"
12.1732,0.13,0.072,11,"[5, 8, 10, 11, 11]"
10.6632,0.13999999999999999,0.072,25,"[5, 10, 14, 16, 21, 23, 24, 25, 25]"
12.0972,0.14999999999999997,0.072,11,"[5, 10, 11, 11]"
10.9604,0.15999999999999998,0.072,14,"[5, 10, 12, 13, 14, 14]"
12.024,0.16999999999999998,0.072,7,"[5, 7, 7]"
10.8168,0.17999999999999997,0.072,41,"[5, 26, 32, 37, 40, 41, 41]"
12.0844,0.18999999999999995,0.072,13,"[5, 12, 13, 13]"
12.1732,0.19999999999999996,0.072,7,"[5, 7, 7]"
10.6632,0.20999999999999996,0.072,6,"[5, 6, 6]"
12.0972,0.21999999999999995,0.072,9,"[5, 8, 9, 9]"
10.9604,0.22999999999999995,0.072,7,"[5, 7, 7]"
12.024,0.23999999999999994,0.072,5,"[5, 5]"
10.8168,0.24999999999999992,0.072,21,"[5, 20, 21, 21]"
12.2464,0.1,0.074,4904,"[5, 27, 45, 61, 79, 96, 114, 148, 229, 529, 3512, 4862, 4902, 4904, 4904]"
12.3536,0.11,0.074,4905,"[5, 10, 13, 17, 22, 25, 27, 28, 32, 38, 50, 66, 97, 144, 229, 448, 1841, 4777, 4901, 4905, 4905]"
10.8052,0.12,0.074,82,"[5, 13, 24, 30, 39, 51, 62, 73, 77, 79, 80, 82, 82]"
12.2668,0.13,0.074,13,"[5, 11, 13, 13]"
11.0904,0.13999999999999999,0.074,20,"[5, 10, 13, 15, 18, 20, 20]"
12.1808,0.14999999999999997,0.074,7,"[5, 7, 7]"
10.9516,0.15999999999999998,0.074,79,"[5, 44, 60, 70, 76, 79, 79]"
12.2464,0.16999999999999998,0.074,13,"[5, 12, 13, 13]"
12.3536,0.17999999999999997,0.074,7,"[5, 7, 7]"
10.8052,0.18999999999999995,0.074,10,"[5, 9, 10, 10]"
12.2668,0.19999999999999996,0.074,9,"[5, 8, 9, 9]"
11.0904,0.20999999999999996,0.074,7,"[5, 7, 7]"
12.1808,0.21999999999999995,0.074,5,"[5, 5]"
10.9516,0.22999999999999995,0.074,22,"[5, 21, 22, 22]"
12.2464,0.23999999999999994,0.074,11,"[5, 10, 11, 11]"
12.3536,0.24999999999999992,0.074,6,"[5, 6, 6]"
10.94,0.1,0.076,4872,"[5, 13, 27, 35, 51, 85, 123, 230, 566, 3332, 4816, 4870, 4871, 4872, 4872]"
12.41,0.11,0.076,4919,"[5, 14, 25, 31, 35, 39, 42, 48, 56, 66, 76, 91, 110, 129, 148, 173, 212, 312, 1000, 4659, 4916, 4919, 4919]"
11.2316,0.12,0.076,4883,"[5, 12, 19, 25, 31, 42, 53, 60, 75, 94, 108, 118, 128, 148, 181, 236, 321, 489, 1717, 4748, 4875, 4883, 4883]"
12.3336,0.13,0.076,7,"[5, 7, 7]"
11.102,0.13999999999999999,0.076,4861,"[5, 64, 99, 123, 146, 172, 189, 208, 233, 256, 275, 306, 352, 440, 567, 1441, 4651, 4853, 4861, 4861]"
12.4128,0.14999999999999997,0.076,15,"[5, 12, 14, 15, 15]"
12.5316,0.15999999999999998,0.076,7,"[5, 7, 7]"
10.94,0.16999999999999998,0.076,9,"[5, 8, 9, 9]"
12.41,0.17999999999999997,0.076,9,"[5, 8, 9, 9]"
11.2316,0.18999999999999995,0.076,7,"[5, 7, 7]"
12.3336,0.19999999999999996,0.076,7,"[5, 7, 7]"
11.102,0.20999999999999996,0.076,22,"[5, 21, 22, 22]"
12.4128,0.21999999999999995,0.076,11,"[5, 10, 11, 11]"
12.5316,0.22999999999999995,0.076,6,"[5, 6, 6]"
10.94,0.23999999999999994,0.076,6,"[5, 6, 6]"
12.41,0.24999999999999992,0.076,9,"[5, 8, 9, 9]"
11.3612,0.1,0.078,4885,"[5, 13, 21, 28, 35, 48, 66, 85, 118, 168, 239, 593, 3943, 4846, 4883, 4884, 4885, 4885]"
12.4896,0.11,0.078,12,"[5, 9, 10, 12, 12]"
11.2456,0.12,0.078,4862,"[5, 73, 133, 200, 288, 419, 1326, 4646, 4854, 4862, 4862]"
12.5696,0.13,0.078,23,"[5, 16, 21, 23, 23]"
12.6988,0.13999999999999999,0.078,11,"[5, 8, 10, 11, 11]"
11.0824,0.14999999999999997,0.078,14,"[5, 9, 12, 13, 14, 14]"
12.5532,0.15999999999999998,0.078,11,"[5, 10, 11, 11]"
11.3612,0.16999999999999998,0.078,7,"[5, 7, 7]"
12.4896,0.17999999999999997,0.078,7,"[5, 7, 7]"
11.2456,0.18999999999999995,0.078,40,"[5, 28, 34, 37, 39, 40, 40]"
12.5696,0.19999999999999996,0.078,13,"[5, 12, 13, 13]"
12.6988,0.20999999999999996,0.078,6,"[5, 6, 6]"
11.0824,0.21999999999999995,0.078,6,"[5, 6, 6]"
12.5532,0.22999999999999995,0.078,9,"[5, 8, 9, 9]"
11.3612,0.23999999999999994,0.078,7,"[5, 7, 7]"
12.4896,0.24999999999999992,0.078,5,"[5, 5]"
11.3764,0.1,0.08,4862,"[5, 88, 182, 417, 2011, 4725, 4861, 4862, 4862]"
12.7272,0.11,0.08,84,"[5, 27, 43, 54, 66, 75, 81, 83, 84, 84]"
12.8672,0.12,0.08,12,"[5, 9, 11, 12, 12]"
11.224,0.13,0.08,23,"[5, 9, 12, 14, 19, 21, 22, 23, 23]"
12.6972,0.13999999999999999,0.08,13,"[5, 11, 13, 13]"
11.5088,0.14999999999999997,0.08,12,"[5, 8, 10, 11, 12, 12]"
12.644,0.15999999999999998,0.08,7,"[5, 7, 7]"
11.3764,0.16999999999999998,0.08,40,"[5, 28, 34, 37, 39, 40, 40]"
12.7272,0.17999999999999997,0.08,13,"[5, 12, 13, 13]"
12.8672,0.18999999999999995,0.08,7,"[5, 7, 7]"
11.224,0.19999999999999996,0.08,9,"[5, 8, 9, 9]"
12.6972,0.20999999999999996,0.08,9,"[5, 8, 9, 9]"
11.5088,0.21999999999999995,0.08,7,"[5, 7, 7]"
12.644,0.22999999999999995,0.08,5,"[5, 5]"
11.3764,0.23999999999999994,0.08,21,"[5, 20, 21, 21]"
12.7272,0.24999999999999992,0.08,11,"[5, 10, 11, 11]"
13.0388,0.1,0.082,4911,"[5, 10, 13, 17, 22, 25, 27, 28, 32, 38, 50, 65, 93, 132, 200, 394, 1714, 4788, 4909, 4911, 4911]"
11.3532,0.11,0.082,4880,"[5, 13, 25, 35, 51, 75, 94, 120, 152, 187, 262, 481, 2230, 4754, 4875, 4879, 4880, 4880]"
12.8476,0.12,0.082,16,"[5, 11, 15, 16, 16]"
11.6276,0.13,0.082,20,"[5, 10, 13, 15, 18, 20, 20]"
12.7956,0.13999999999999999,0.082,7,"[5, 7, 7]"
11.5204,0.14999999999999997,0.082,65,"[5, 38, 51, 57, 62, 65, 65]"
12.8816,0.15999999999999998,0.082,15,"[5, 12, 14, 15, 15]"
13.0388,0.16999999999999998,0.082,7,"[5, 7, 7]"
11.3532,0.17999999999999997,0.082,9,"[5, 8, 9, 9]"
12.8476,0.18999999999999995,0.082,9,"[5, 8, 9, 9]"
11.6276,0.19999999999999996,0.082,7,"[5, 7, 7]"
12.7956,0.20999999999999996,0.082,5,"[5, 5]"
11.5204,0.21999999999999995,0.082,21,"[5, 20, 21, 21]"
12.8816,0.22999999999999995,0.082,11,"[5, 10, 11, 11]"
13.0388,0.23999999999999994,0.082,6,"[5, 6, 6]"
11.3532,0.24999999999999992,0.082,6,"[5, 6, 6]"
12.9996,0.1,0.08399999999999999,4920,"[5, 13, 23, 29, 33, 37, 40, 46, 54, 61, 68, 83, 102, 120, 137, 157, 177, 224, 370, 1411, 4772, 4919, 4920, 4920]"
11.7652,0.11,0.08399999999999999,4889,"[5, 13, 21, 28, 34, 47, 63, 77, 104, 147, 228, 436, 1894, 4763, 4886, 4888, 4889, 4889]"
12.9572,0.12,0.08399999999999999,8,"[5, 8, 8]"
11.66,0.13,0.08399999999999999,4869,"[5, 54, 82, 100, 126, 146, 174, 202, 230, 251, 290, 342, 434, 640, 2435, 4771, 4867, 4869, 4869]"
13.05,0.13999999999999999,0.08399999999999999,22,"[5, 16, 21, 22, 22]"
13.2156,0.14999999999999997,0.08399999999999999,7,"[5, 7, 7]"
11.4916,0.15999999999999998,0.08399999999999999,13,"[5, 8, 11, 12, 13, 13]"
12.9996,0.16999999999999998,0.08399999999999999,9,"[5, 8, 9, 9]"
11.7652,0.17999999999999997,0.08399999999999999,7,"[5, 7, 7]"
12.9572,0.18999999999999995,0.08399999999999999,7,"[5, 7, 7]"
11.66,0.19999999999999996,0.08399999999999999,32,"[5, 26, 30, 31, 32, 32]"
13.05,0.20999999999999996,0.08399999999999999,11,"[5, 10, 11, 11]"
13.2156,0.21999999999999995,0.08399999999999999,6,"[5, 6, 6]"
11.4916,0.22999999999999995,0.08399999999999999,6,"[5, 6, 6]"
12.9996,0.23999999999999994,0.08399999999999999,9,"[5, 8, 9, 9]"
11.7652,0.24999999999999992,0.08399999999999999,7,"[5, 7, 7]"
13.11,0.1,0.086,12,"[5, 9, 10, 12, 12]"
11.792,0.11,0.086,4871,"[5, 83, 166, 328, 1199, 4644, 4860, 4871, 4871]"
13.188,0.12,0.086,28,"[5, 18, 24, 27, 28, 28]"
13.3912,0.13,0.086,11,"[5, 8, 10, 11, 11]"
11.6208,0.13999999999999999,0.086,23,"[5, 9, 12, 14, 19, 21, 22, 23, 23]"
13.1536,0.14999999999999997,0.086,11,"[5, 10, 11, 11]"
11.8968,0.15999999999999998,0.086,12,"[5, 8, 10, 11, 12, 12]"
13.11,0.16999999999999998,0.086,6,"[5, 6, 6]"
11.792,0.17999999999999997,0.086,28,"[5, 25, 28, 28]"
13.188,0.18999999999999995,0.086,13,"[5, 12, 13, 13]"
13.3912,0.19999999999999996,0.086,7,"[5, 7, 7]"
11.6208,0.20999999999999996,0.086,6,"[5, 6, 6]"
13.1536,0.21999999999999995,0.086,9,"[5, 8, 9, 9]"
11.8968,0.22999999999999995,0.086,6,"[5, 6, 6]"
13.11,0.23999999999999994,0.086,5,"[5, 5]"
11.792,0.24999999999999992,0.086,20,"[5, 19, 20, 20]"
13.3352,0.1,0.088,76,"[5, 25, 39, 50, 61, 68, 69, 72, 73, 75, 76, 76]"
13.5604,0.11,0.088,13,"[5, 9, 11, 12, 13, 13]"
11.7552,0.12,0.088,46,"[5, 11, 22, 26, 33, 38, 42, 45, 46, 46]"
13.3028,0.13,0.088,11,"[5, 10, 11, 11]"
12.0148,0.13999999999999999,0.088,14,"[5, 9, 11, 12, 14, 14]"
13.258,0.14999999999999997,0.088,7,"[5, 7, 7]"
11.9156,0.15999999999999998,0.088,63,"[5, 38, 51, 57, 61, 63, 63]"
13.3352,0.16999999999999998,0.088,13,"[5, 12, 13, 13]"
13.5604,0.17999999999999997,0.088,7,"[5, 7, 7]"
11.7552,0.18999999999999995,0.088,7,"[5, 7, 7]"
13.3028,0.19999999999999996,0.088,9,"[5, 8, 9, 9]"
12.0148,0.20999999999999996,0.088,6,"[5, 6, 6]"
13.258,0.21999999999999995,0.088,5,"[5, 5]"
11.9156,0.22999999999999995,0.088,20,"[5, 19, 20, 20]"
13.3352,0.23999999999999994,0.088,10,"[5, 9, 10, 10]"
13.5604,0.24999999999999992,0.088,6,"[5, 6, 6]"
11.8796,0.1,0.09,4889,"[5, 13, 26, 36, 50, 69, 88, 114, 144, 175, 278, 884, 4588, 4880, 4888, 4889, 4889]"
13.4416,0.11,0.09,4927,"[5, 13, 21, 25, 28, 31, 34, 39, 47, 54, 61, 75, 93, 107, 119, 126, 134, 145, 180, 235, 372, 1271, 4775, 4927, 4927]"
12.1404,0.12,0.09,28,"[5, 11, 17, 22, 26, 28, 28]"
13.39,0.13,0.09,7,"[5, 7, 7]"
12.0364,0.13999999999999999,0.09,206,"[5, 51, 76, 89, 106, 119, 133, 148, 160, 173, 181, 190, 198, 202, 205, 206, 206]"
13.4728,0.14999999999999997,0.09,15,"[5, 12, 14, 15, 15]"
13.7088,0.15999999999999998,0.09,7,"[5, 7, 7]"
11.8796,0.16999999999999998,0.09,7,"[5, 7, 7]"
13.4416,0.17999999999999997,0.09,9,"[5, 8, 9, 9]"
12.1404,0.18999999999999995,0.09,7,"[5, 7, 7]"
13.39,0.19999999999999996,0.09,6,"[5, 6, 6]"
12.0364,0.20999999999999996,0.09,20,"[5, 19, 20, 20]"
13.4728,0.21999999999999995,0.09,9,"[5, 8, 9, 9]"
13.7088,0.22999999999999995,0.09,6,"[5, 6, 6]"
11.8796,0.23999999999999994,0.09,6,"[5, 6, 6]"
13.4416,0.24999999999999992,0.09,9,"[5, 8, 9, 9]"
12.2632,0.1,0.092,4894,"[5, 12, 20, 27, 32, 39, 46, 53, 62, 71, 83, 106, 152, 226, 467, 2449, 4801, 4889, 4893, 4894, 4894]"
13.5268,0.11,0.092,12,"[5, 9, 10, 12, 12]"
12.1596,0.12,0.092,4877,"[5, 66, 113, 157, 214, 284, 383, 989, 4600, 4871, 4877, 4877]"
13.6312,0.13,0.092,19,"[5, 15, 18, 19, 19]"
13.8592,0.13999999999999999,0.092,11,"[5, 8, 10, 11, 11]"
12.002,0.14999999999999997,0.092,13,"[5, 8, 11, 12, 13, 13]"
13.5932,0.15999999999999998,0.092,11,"[5, 10, 11, 11]"
12.2632,0.16999999999999998,0.092,7,"[5, 7, 7]"
13.5268,0.17999999999999997,0.092,6,"[5, 6, 6]"
12.1596,0.18999999999999995,0.092,28,"[5, 25, 28, 28]"
13.6312,0.19999999999999996,0.092,12,"[5, 11, 12, 12]"
13.8592,0.20999999999999996,0.092,6,"[5, 6, 6]"
12.002,0.21999999999999995,0.092,6,"[5, 6, 6]"
13.5932,0.22999999999999995,0.092,9,"[5, 8, 9, 9]"
12.2632,0.23999999999999994,0.092,6,"[5, 6, 6]"
13.5268,0.24999999999999992,0.092,5,"[5, 5]"
12.3124,0.1,0.094,4878,"[5, 80, 153, 279, 1047, 4649, 4871, 4878, 4878]"
13.776,0.11,0.094,63,"[5, 26, 38, 48, 56, 60, 61, 63, 63]"
14.0056,0.12,0.094,11,"[5, 8, 10, 11, 11]"
12.1304,0.13,0.094,21,"[5, 9, 12, 14, 19, 21, 21]"
13.7256,0.13999999999999999,0.094,11,"[5, 10, 11, 11]"
12.394,0.14999999999999997,0.094,12,"[5, 8, 10, 11, 12, 12]"
13.6712,0.15999999999999998,0.094,7,"[5, 7, 7]"
12.3124,0.16999999999999998,0.094,30,"[5, 27, 30, 30]"
13.776,0.17999999999999997,0.094,12,"[5, 11, 12, 12]"
14.0056,0.18999999999999995,0.094,7,"[5, 7, 7]"
12.1304,0.19999999999999996,0.094,7,"[5, 7, 7]"
13.7256,0.20999999999999996,0.094,9,"[5, 8, 9, 9]"
12.394,0.21999999999999995,0.094,6,"[5, 6, 6]"
13.6712,0.22999999999999995,0.094,5,"[5, 5]"
12.3124,0.23999999999999994,0.094,21,"[5, 20, 21, 21]"
13.776,0.24999999999999992,0.094,9,"[5, 8, 9, 9]"
14.1524,0.1,0.096,13,"[5, 9, 11, 12, 13, 13]"
12.2512,0.11,0.096,4894,"[5, 13, 25, 32, 42, 55, 71, 95, 112, 124, 144, 176, 222, 338, 943, 4592, 4884, 4893, 4894, 4894]"
13.8564,0.12,0.096,12,"[5, 10, 12, 12]"
12.5056,0.13,0.096,14,"[5, 9, 11, 12, 14, 14]"
13.8008,0.13999999999999999,0.096,7,"[5, 7, 7]"
12.4456,0.14999999999999997,0.096,51,"[5, 37, 47, 50, 51, 51]"
13.922,0.15999999999999998,0.096,15,"[5, 12, 14, 15, 15]"
14.1524,0.16999999999999998,0.096,7,"[5, 7, 7]"
12.2512,0.17999999999999997,0.096,7,"[5, 7, 7]"
13.8564,0.18999999999999995,0.096,9,"[5, 8, 9, 9]"
12.5056,0.19999999999999996,0.096,6,"[5, 6, 6]"
13.8008,0.20999999999999996,0.096,5,"[5, 5]"
12.4456,0.21999999999999995,0.096,21,"[5, 20, 21, 21]"
13.922,0.22999999999999995,0.096,9,"[5, 8, 9, 9]"
14.1524,0.23999999999999994,0.096,6,"[5, 6, 6]"
12.2512,0.24999999999999992,0.096,6,"[5, 6, 6]"
13.998,0.1,0.09799999999999999,99,"[5, 13, 21, 25, 28, 31, 34, 39, 46, 51, 57, 65, 77, 87, 96, 99, 99]"
12.6336,0.11,0.09799999999999999,4898,"[5, 12, 20, 27, 32, 39, 46, 53, 62, 71, 82, 103, 130, 167, 231, 393, 1322, 4721, 4893, 4898, 4898]"
13.956,0.12,0.09799999999999999,8,"[5, 8, 8]"
12.5608,0.13,0.09799999999999999,192,"[5, 52, 75, 88, 106, 119, 131, 139, 146, 155, 163, 172, 183, 189, 192, 192]"
14.062,0.13999999999999999,0.09799999999999999,19,"[5, 15, 18, 19, 19]"
14.288,0.14999999999999997,0.09799999999999999,7,"[5, 7, 7]"
12.3696,0.15999999999999998,0.09799999999999999,13,"[5, 8, 11, 12, 13, 13]"
13.998,0.16999999999999998,0.09799999999999999,9,"[5, 8, 9, 9]"
12.6336,0.17999999999999997,0.09799999999999999,6,"[5, 6, 6]"
13.956,0.18999999999999995,0.09799999999999999,6,"[5, 6, 6]"
12.5608,0.19999999999999996,0.09799999999999999,29,"[5, 26, 29, 29]"
14.062,0.20999999999999996,0.09799999999999999,9,"[5, 8, 9, 9]"
14.288,0.21999999999999995,0.09799999999999999,6,"[5, 6, 6]"
12.3696,0.22999999999999995,0.09799999999999999,6,"[5, 6, 6]"
13.998,0.23999999999999994,0.09799999999999999,9,"[5, 8, 9, 9]"
12.6336,0.24999999999999992,0.09799999999999999,6,"[5, 6, 6]"
14.1016,0.1,0.09999999999999999,8,"[5, 8, 8]"
12.682,0.11,0.09999999999999999,4881,"[5, 81, 156, 286, 989, 4643, 4874, 4881, 4881]"
14.2008,0.12,0.09999999999999999,23,"[5, 15, 19, 22, 23, 23]"
14.444,0.13,0.09999999999999999,11,"[5, 8, 10, 11, 11]"
12.5008,0.13999999999999999,0.09999999999999999,21,"[5, 9, 12, 14, 19, 21, 21]"
14.1432,0.14999999999999997,0.09999999999999999,10,"[5, 9, 10, 10]"
12.7552,0.15999999999999998,0.09999999999999999,7,"[5, 7, 7]"
14.1016,0.16999999999999998,0.09999999999999999,6,"[5, 6, 6]"
12.682,0.17999999999999997,0.09999999999999999,29,"[5, 26, 29, 29]"
14.2008,0.18999999999999995,0.09999999999999999,11,"[5, 10, 11, 11]"
14.444,0.19999999999999996,0.09999999999999999,7,"[5, 7, 7]"
12.5008,0.20999999999999996,0.09999999999999999,6,"[5, 6, 6]"
14.1432,0.21999999999999995,0.09999999999999999,9,"[5, 8, 9, 9]"
12.7552,0.22999999999999995,0.09999999999999999,6,"[5, 6, 6]"
14.1016,0.23999999999999994,0.09999999999999999,5,"[5, 5]"
12.682,0.24999999999999992,0.09999999999999999,21,"[5, 20, 21, 21]"
14.2008,0.1,0.1,60,"[5, 23, 34, 42, 51, 57, 58, 60, 60]"
14.444,0.11,0.1,13,"[5, 9, 11, 12, 13, 13]"
12.5008,0.12,0.1,23,"[5, 9, 12, 14, 19, 21, 22, 23, 23]"
14.1432,0.13,0.1,11,"[5, 10, 11, 11]"
12.7552,0.13999999999999999,0.1,14,"[5, 9, 11, 12, 14, 14]"
14.1016,0.14999999999999997,0.1,7,"[5, 7, 7]"
12.682,0.15999999999999998,0.1,49,"[5, 36, 45, 48, 49, 49]"
14.2008,0.16999999999999998,0.1,11,"[5, 10, 11, 11]"
14.444,0.17999999999999997,0.1,7,"[5, 7, 7]"
12.5008,0.18999999999999995,0.1,6,"[5, 6, 6]"
14.1432,0.19999999999999996,0.1,9,"[5, 8, 9, 9]"
12.7552,0.20999999999999996,0.1,6,"[5, 6, 6]"
14.1016,0.21999999999999995,0.1,5,"[5, 5]"
12.682,0.22999999999999995,0.1,21,"[5, 20, 21, 21]"
14.2008,0.23999999999999994,0.1,9,"[5, 8, 9, 9]"
14.444,0.24999999999999992,0.1,6,"[5, 6, 6]"
13.6384,0.1,0.12000000000000001,69,"[5, 10, 19, 24, 33, 41, 49, 59, 64, 68, 69, 69]"
15.4504,0.11,0.12000000000000001,28,"[5, 13, 17, 19, 21, 23, 25, 26, 28, 28]"
13.8692,0.12,0.12000000000000001,20,"[5, 9, 14, 17, 20, 20]"
15.384,0.13,0.12000000000000001,7,"[5, 7, 7]"
13.846,0.13999999999999999,0.12000000000000001,201,"[5, 52, 75, 84, 94, 103, 113, 119, 124, 131, 138, 146, 159, 168, 181, 192, 199, 201, 201]"
15.5524,0.14999999999999997,0.12000000000000001,12,"[5, 11, 12, 12]"
15.9192,0.15999999999999998,0.12000000000000001,7,"[5, 7, 7]"
13.6384,0.16999999999999998,0.12000000000000001,6,"[5, 6, 6]"
15.4504,0.17999999999999997,0.12000000000000001,9,"[5, 8, 9, 9]"
13.8692,0.18999999999999995,0.12000000000000001,6,"[5, 6, 6]"
15.384,0.19999999999999996,0.12000000000000001,5,"[5, 5]"
13.846,0.20999999999999996,0.12000000000000001,18,"[5, 17, 18, 18]"
15.5524,0.21999999999999995,0.12000000000000001,8,"[5, 7, 8, 8]"
15.9192,0.22999999999999995,0.12000000000000001,5,"[5, 5]"
13.6384,0.23999999999999994,0.12000000000000001,6,"[5, 6, 6]"
15.4504,0.24999999999999992,0.12000000000000001,9,"[5, 8, 9, 9]"
14.898,0.1,0.14,22,"[5, 10, 16, 19, 22, 22]"
16.5816,0.11,0.14,8,"[5, 8, 8]"
14.888,0.12,0.14,4895,"[5, 61, 92, 116, 139, 170, 206, 242, 279, 313, 355, 406, 514, 1728, 4787, 4893, 4895, 4895]"
16.7996,0.13,0.14,14,"[5, 11, 13, 14, 14]"
17.2096,0.13999999999999999,0.14,7,"[5, 7, 7]"
14.6436,0.14999999999999997,0.14,10,"[5, 8, 10, 10]"
16.6548,0.15999999999999998,0.14,10,"[5, 9, 10, 10]"
14.898,0.16999999999999998,0.14,6,"[5, 6, 6]"
16.5816,0.17999999999999997,0.14,5,"[5, 5]"
14.888,0.18999999999999995,0.14,26,"[5, 24, 26, 26]"
16.7996,0.19999999999999996,0.14,9,"[5, 8, 9, 9]"
17.2096,0.20999999999999996,0.14,5,"[5, 5]"
14.6436,0.21999999999999995,0.14,6,"[5, 6, 6]"
16.6548,0.22999999999999995,0.14,9,"[5, 8, 9, 9]"
14.898,0.23999999999999994,0.14,6,"[5, 6, 6]"
16.5816,0.24999999999999992,0.14,5,"[5, 5]"
15.8664,0.1,0.16000000000000003,4902,"[5, 75, 118, 171, 229, 332, 1020, 4717, 4900, 4902, 4902]"
17.9508,0.11,0.16000000000000003,33,"[5, 17, 24, 28, 30, 33, 33]"
18.4212,0.12,0.16000000000000003,11,"[5, 8, 10, 11, 11]"
15.5564,0.13,0.16000000000000003,10,"[5, 8, 10, 10]"
17.7844,0.13999999999999999,0.16000000000000003,10,"[5, 9, 10, 10]"
15.8848,0.14999999999999997,0.16000000000000003,6,"[5, 6, 6]"
17.7052,0.15999999999999998,0.16000000000000003,5,"[5, 5]"
15.8664,0.16999999999999998,0.16000000000000003,24,"[5, 22, 24, 24]"
17.9508,0.17999999999999997,0.16000000000000003,8,"[5, 7, 8, 8]"
18.4212,0.18999999999999995,0.16000000000000003,5,"[5, 5]"
15.5564,0.19999999999999996,0.16000000000000003,6,"[5, 6, 6]"
17.7844,0.20999999999999996,0.16000000000000003,9,"[5, 8, 9, 9]"
15.8848,0.21999999999999995,0.16000000000000003,6,"[5, 6, 6]"
17.7052,0.22999999999999995,0.16000000000000003,5,"[5, 5]"
15.8664,0.23999999999999994,0.16000000000000003,14,"[5, 14, 14]"
17.9508,0.24999999999999992,0.16000000000000003,7,"[5, 6, 7, 7]"
19.544,0.1,0.18000000000000002,11,"[5, 8, 10, 11, 11]"
16.4636,0.11,0.18000000000000002,31,"[5, 10, 17, 19, 22, 25, 28, 30, 31, 31]"
18.8556,0.12,0.18000000000000002,10,"[5, 9, 10, 10]"
16.7724,0.13,0.18000000000000002,6,"[5, 6, 6]"
18.7156,0.13999999999999999,0.18000000000000002,5,"[5, 5]"
16.7832,0.14999999999999997,0.18000000000000002,33,"[5, 30, 33, 33]"
19.0236,0.15999999999999998,0.18000000000000002,9,"[5, 8, 9, 9]"
19.544,0.16999999999999998,0.18000000000000002,5,"[5, 5]"
16.4636,0.17999999999999997,0.18000000000000002,6,"[5, 6, 6]"
18.8556,0.18999999999999995,0.18000000000000002,9,"[5, 8, 9, 9]"
16.7724,0.19999999999999996,0.18000000000000002,6,"[5, 6, 6]"
18.7156,0.20999999999999996,0.18000000000000002,5,"[5, 5]"
16.7832,0.21999999999999995,0.18000000000000002,13,"[5, 13, 13]"
19.0236,0.22999999999999995,0.18000000000000002,7,"[5, 6, 7, 7]"
19.544,0.23999999999999994,0.18000000000000002,5,"[5, 5]"
16.4636,0.24999999999999992,0.18000000000000002,6,"[5, 6, 6]"
19.908,0.1,0.2,15,"[5, 10, 13, 14, 15, 15]"
17.622,0.11,0.2,13,"[5, 8, 10, 11, 13, 13]"
19.6592,0.12,0.2,5,"[5, 5]"
17.6132,0.13,0.2,57,"[5, 36, 45, 50, 55, 57, 57]"
20.0392,0.13999999999999999,0.2,8,"[5, 7, 8, 8]"
20.5832,0.14999999999999997,0.2,5,"[5, 5]"
17.254,0.15999999999999998,0.2,7,"[5, 7, 7]"
19.908,0.16999999999999998,0.2,9,"[5, 8, 9, 9]"
17.622,0.17999999999999997,0.2,6,"[5, 6, 6]"
19.6592,0.18999999999999995,0.2,5,"[5, 5]"
17.6132,0.19999999999999996,0.2,19,"[5, 18, 19, 19]"
20.0392,0.20999999999999996,0.2,7,"[5, 6, 7, 7]"
20.5832,0.21999999999999995,0.2,5,"[5, 5]"
17.254,0.22999999999999995,0.2,6,"[5, 6, 6]"
19.908,0.23999999999999994,0.2,9,"[5, 8, 9, 9]"
17.622,0.24999999999999992,0.2,6,"[5, 6, 6]"
20.5148,0.1,0.22000000000000003,5,"[5, 5]"
18.4196,0.11,0.22000000000000003,4917,"[5, 73, 104, 133, 157, 185, 214, 241, 265, 312, 414, 1127, 4791, 4917, 4917]"
20.9836,0.12,0.22000000000000003,11,"[5, 10, 11, 11]"
21.5664,0.13,0.22000000000000003,7,"[5, 7, 7]"
18.0304,0.13999999999999999,0.22000000000000003,9,"[5, 8, 9, 9]"
20.856,0.14999999999999997,0.22000000000000003,9,"[5, 8, 9, 9]"
18.426,0.15999999999999998,0.22000000000000003,6,"[5, 6, 6]"
20.5148,0.16999999999999998,0.22000000000000003,5,"[5, 5]"
18.4196,0.17999999999999997,0.22000000000000003,20,"[5, 19, 20, 20]"
20.9836,0.18999999999999995,0.22000000000000003,7,"[5, 6, 7, 7]"
21.5664,0.19999999999999996,0.22000000000000003,5,"[5, 5]"
18.0304,0.20999999999999996,0.22000000000000003,6,"[5, 6, 6]"
20.856,0.21999999999999995,0.22000000000000003,9,"[5, 8, 9, 9]"
18.426,0.22999999999999995,0.22000000000000003,6,"[5, 6, 6]"
20.5148,0.23999999999999994,0.22000000000000003,5,"[5, 5]"
18.4196,0.24999999999999992,0.22000000000000003,14,"[5, 14, 14]"
21.838,0.1,0.24000000000000002,14,"[5, 11, 14, 14]"
22.5312,0.11,0.24000000000000002,11,"[5, 8, 10, 11, 11]"
18.7696,0.12,0.24000000000000002,9,"[5, 8, 9, 9]"
21.728,0.13,0.24000000000000002,9,"[5, 8, 9, 9]"
19.148,0.13999999999999999,0.24000000000000002,6,"[5, 6, 6]"
21.3712,0.14999999999999997,0.24000000000000002,5,"[5, 5]"
19.152,0.15999999999999998,0.24000000000000002,29,"[5, 27, 29, 29]"
21.838,0.16999999999999998,0.24000000000000002,7,"[5, 6, 7, 7]"
22.5312,0.17999999999999997,0.24000000000000002,5,"[5, 5]"
18.7696,0.18999999999999995,0.24000000000000002,6,"[5, 6, 6]"
21.728,0.19999999999999996,0.24000000000000002,9,"[5, 8, 9, 9]"
19.148,0.20999999999999996,0.24000000000000002,5,"[5, 5]"
21.3712,0.21999999999999995,0.24000000000000002,5,"[5, 5]"
19.152,0.22999999999999995,0.24000000000000002,13,"[5, 13, 13]"
21.838,0.23999999999999994,0.24000000000000002,7,"[5, 6, 7, 7]"
22.5312,0.24999999999999992,0.24000000000000002,5,"[5, 5]"
19.4684,0.1,0.26,10,"[5, 8, 10, 10]"
22.6048,0.11,0.26,19,"[5, 10, 12, 13, 15, 17, 18, 19, 19]"
19.8804,0.12,0.26,7,"[5, 7, 7]"
22.2152,0.13,0.26,5,"[5, 5]"
19.8768,0.13999999999999999,0.26,53,"[5, 35, 44, 49, 52, 53, 53]"
22.6652,0.14999999999999997,0.26,7,"[5, 6, 7, 7]"
23.4048,0.15999999999999998,0.26,5,"[5, 5]"
19.4684,0.16999999999999998,0.26,6,"[5, 6, 6]"
22.6048,0.17999999999999997,0.26,9,"[5, 8, 9, 9]"
19.8804,0.18999999999999995,0.26,6,"[5, 6, 6]"
22.2152,0.19999999999999996,0.26,5,"[5, 5]"
19.8768,0.20999999999999996,0.26,13,"[5, 13, 13]"
22.6652,0.21999999999999995,0.26,7,"[5, 6, 7, 7]"
23.4048,0.22999999999999995,0.26,5,"[5, 5]"
19.4684,0.23999999999999994,0.26,6,"[5, 6, 6]"
22.6048,0.24999999999999992,0.26,9,"[5, 8, 9, 9]"
20.5416,0.1,0.28,9,"[5, 8, 9, 9]"
22.9668,0.11,0.28,5,"[5, 5]"
20.566,0.12,0.28,94,"[5, 46, 58, 70, 79, 86, 91, 92, 94, 94]"
23.452,0.13,0.28,7,"[5, 6, 7, 7]"
24.2556,0.13999999999999999,0.28,7,"[5, 7, 7]"
20.1248,0.14999999999999997,0.28,7,"[5, 7, 7]"
23.3896,0.15999999999999998,0.28,9,"[5, 8, 9, 9]"
20.5416,0.16999999999999998,0.28,6,"[5, 6, 6]"
22.9668,0.17999999999999997,0.28,5,"[5, 5]"
20.566,0.18999999999999995,0.28,18,"[5, 18, 18]"
23.452,0.19999999999999996,0.28,7,"[5, 6, 7, 7]"
24.2556,0.20999999999999996,0.28,5,"[5, 5]"
20.1248,0.21999999999999995,0.28,6,"[5, 6, 6]"
23.3896,0.22999999999999995,0.28,8,"[5, 7, 8, 8]"
20.5416,0.23999999999999994,0.28,5,"[5, 5]"
22.9668,0.24999999999999992,0.28,5,"[5, 5]"
21.2376,0.1,0.30000000000000004,221,"[5, 63, 81, 102, 118, 130, 139, 146, 157, 168, 175, 184, 187, 190, 194, 197, 208, 214, 217, 218, 220, 221, 221]"
24.2216,0.11,0.30000000000000004,10,"[5, 9, 10, 10]"
25.0304,0.12,0.30000000000000004,10,"[5, 8, 9, 10, 10]"
20.7916,0.13,0.30000000000000004,7,"[5, 7, 7]"
24.2008,0.13999999999999999,0.30000000000000004,9,"[5, 8, 9, 9]"
21.1852,0.14999999999999997,0.30000000000000004,6,"[5, 6, 6]"
23.6976,0.15999999999999998,0.30000000000000004,5,"[5, 5]"
21.2376,0.16999999999999998,0.30000000000000004,18,"[5, 17, 18, 18]"
24.2216,0.17999999999999997,0.30000000000000004,7,"[5, 6, 7, 7]"
25.0304,0.18999999999999995,0.30000000000000004,5,"[5, 5]"
20.7916,0.19999999999999996,0.30000000000000004,6,"[5, 6, 6]"
24.2008,0.20999999999999996,0.30000000000000004,8,"[5, 7, 8, 8]"
21.1852,0.21999999999999995,0.30000000000000004,5,"[5, 5]"
23.6976,0.22999999999999995,0.30000000000000004,5,"[5, 5]"
21.2376,0.23999999999999994,0.30000000000000004,12,"[5, 12, 12]"
24.2216,0.24999999999999992,0.30000000000000004,7,"[5, 6, 7, 7]"
25.7544,0.1,0.32000000000000006,10,"[5, 8, 9, 10, 10]"
21.3852,0.11,0.32000000000000006,9,"[5, 8, 9, 9]"
24.9444,0.12,0.32000000000000006,9,"[5, 8, 9, 9]"
21.784,0.13,0.32000000000000006,6,"[5, 6, 6]"
24.384,0.13999999999999999,0.32000000000000006,5,"[5, 5]"
21.8352,0.14999999999999997,0.32000000000000006,31,"[5, 28, 31, 31]"
24.9432,0.15999999999999998,0.32000000000000006,7,"[5, 6, 7, 7]"
25.7544,0.16999999999999998,0.32000000000000006,5,"[5, 5]"
21.3852,0.17999999999999997,0.32000000000000006,6,"[5, 6, 6]"
24.9444,0.18999999999999995,0.32000000000000006,9,"[5, 8, 9, 9]"
21.784,0.19999999999999996,0.32000000000000006,6,"[5, 6, 6]"
24.384,0.20999999999999996,0.32000000000000006,5,"[5, 5]"
21.8352,0.21999999999999995,0.32000000000000006,11,"[5, 11, 11]"
24.9432,0.22999999999999995,0.32000000000000006,7,"[5, 6, 7, 7]"
25.7544,0.23999999999999994,0.32000000000000006,5,"[5, 5]"
21.3852,0.24999999999999992,0.32000000000000006,6,"[5, 6, 6]"
25.6144,0.1,0.3400000000000001,11,"[5, 10, 11, 11]"
22.3692,0.11,0.3400000000000001,8,"[5, 7, 8, 8]"
25.0396,0.12,0.3400000000000001,5,"[5, 5]"
22.3924,0.13,0.3400000000000001,49,"[5, 37, 46, 48, 49, 49]"
25.622,0.13999999999999999,0.3400000000000001,7,"[5, 6, 7, 7]"
26.4692,0.14999999999999997,0.3400000000000001,5,"[5, 5]"
21.9548,0.15999999999999998,0.3400000000000001,7,"[5, 7, 7]"
25.6144,0.16999999999999998,0.3400000000000001,9,"[5, 8, 9, 9]"
22.3692,0.17999999999999997,0.3400000000000001,5,"[5, 5]"
25.0396,0.18999999999999995,0.3400000000000001,5,"[5, 5]"
22.3924,0.19999999999999996,0.3400000000000001,16,"[5, 16, 16]"
25.622,0.20999999999999996,0.3400000000000001,7,"[5, 6, 7, 7]"
26.4692,0.21999999999999995,0.3400000000000001,5,"[5, 5]"
21.9548,0.22999999999999995,0.3400000000000001,6,"[5, 6, 6]"
25.6144,0.23999999999999994,0.3400000000000001,8,"[5, 7, 8, 8]"
22.3692,0.24999999999999992,0.3400000000000001,5,"[5, 5]"
25.6436,0.1,0.3600000000000001,5,"[5, 5]"
22.9608,0.11,0.3600000000000001,147,"[5, 58, 74, 87, 97, 105, 113, 120, 129, 136, 144, 147, 147]"
26.248,0.12,0.3600000000000001,10,"[5, 9, 10, 10]"
27.1604,0.13,0.3600000000000001,7,"[5, 7, 7]"
22.4984,0.13999999999999999,0.3600000000000001,7,"[5, 7, 7]"
